"Countries, territories and areas","Year","Adolescent birth rate (per 1000 women)"
"Afghanistan","2017","62"
"Afghanistan","2014","77.2 0.2"
"Afghanistan","2013","87 0.9"
"Afghanistan","2011","2.2"
"Afghanistan","2009","80 0.8"
"Afghanistan","2008","90 1.4"
"Afghanistan","2007","103"
"Afghanistan","2006","126.2 4.3"
"Afghanistan","2005","117.4 8.2"
"Afghanistan","2004","135.7"
"Afghanistan","2003","151.8 8.1"
"Afghanistan","2002","177.6 12.3"
"Afghanistan","2001","167.2"
"Albania","2019","14.2 0.3"
"Albania","2018","14.3 0.3"
"Albania","2017","15.9 0.2"
"Albania","2016","17.3 0.2"
"Albania","2015","20.2 0.2"
"Albania","2014","21.9 0.2"
"Albania","2013","20.4 0.2"
"Albania","2012","20.9 0"
"Albania","2011","20.5 0"
"Albania","2010","19.4 0.2"
"Albania","2009","19 0"
"Albania","2008","18.4 0"
"Albania","2007","16.9 0"
"Albania","2006","17.7 0.1"
"Albania","2005","20.2 1.1"
"Albania","2004","0.3"
"Albania","2003","15.9 0"
"Albania","2002","0"
"Albania","2001","0.3"
"Albania","2000","0"
"Algeria","2017","12 0"
"Algeria","2016","0"
"Algeria","2014","15 0.1"
"Algeria","2013","12.4"
"Algeria","2012","11.8"
"Algeria","2011","10.7 0"
"Algeria","2010","10.2 0"
"Algeria","2009","9.6"
"Algeria","2008","8.8 0.1"
"Algeria","2007","9"
"Algeria","2006","0.2"
"Algeria","2005","4.4 0.3"
"Algeria","2002","0.3"
"Algeria","2001","4.8"
"Andorra","2018","2.7 0"
"Andorra","2017","0"
"Andorra","2016","2.6 0"
"Andorra","2015","0.5"
"Andorra","2012","0"
"Andorra","2011","5.1 0"
"Andorra","2010","4.4 0"
"Andorra","2009","0"
"Andorra","2008","0"
"Andorra","2007","0"
"Andorra","2006","10.6 0"
"Andorra","2004","0"
"Andorra","2003","8.2 0"
"Andorra","2002","8 0"
"Andorra","2001","9.4"
"Angola","2014","163 10.7"
"Angola","2013","166.1 10.6"
"Angola","2011","169.1 10.3"
"Angola","2009","190.9 6.1"
"Angola","2008","188 9.4"
"Angola","2006","171.9 12.8"
"Angola","2005","165.6 6.9"
"Angola","2004","157.8 6.6"
"Angola","2003","151 12"
"Angola","2002","149.5 14.6"
"Antigua and Barbuda","2020","30.4 0.3"
"Antigua and Barbuda","2019","31.6 0"
"Antigua and Barbuda","2018","27.7 0.3"
"Antigua and Barbuda","2017","28.8 0"
"Antigua and Barbuda","2016","31.1 0.6"
"Antigua and Barbuda","2015","37.7"
"Antigua and Barbuda","2014","31.8"
"Antigua and Barbuda","2013","34.6"
"Antigua and Barbuda","2012","37.7"
"Antigua and Barbuda","2011","39.5"
"Antigua and Barbuda","2010","41.4 0.6"
"Antigua and Barbuda","2009","49.7"
"Antigua and Barbuda","2008","59.2"
"Antigua and Barbuda","2007","47.6"
"Antigua and Barbuda","2001","66.8"
"Antigua and Barbuda","2000","0"
"Argentina","2019","40.9 1.1"
"Argentina","2018","49.9 1.4"
"Argentina","2017","54.4 1.5"
"Argentina","2016","57 1.4"
"Argentina","2015","65.1 1.6"
"Argentina","2014","67 1.8"
"Argentina","2013","66.6 1.9"
"Argentina","2012","64.8 1.8"
"Argentina","2011","66.9 1.9"
"Argentina","2010","68.2 1.8"
"Argentina","2009","65.8 2"
"Argentina","2008","65.4 1.7"
"Argentina","2007","63 1.6"
"Argentina","2006","61.8 1.6"
"Argentina","2005","62.8 1.6"
"Argentina","2004","62.9 1.5"
"Argentina","2003","56.8 1.6"
"Argentina","2002","60.7 1.9"
"Argentina","2001","60.3 1.8"
"Argentina","2000","1.9"
"Armenia","2018","18.9 0"
"Armenia","2017","21.2 0"
"Armenia","2016","24.5 0"
"Armenia","2015","24.3 0"
"Armenia","2014","23.4 0"
"Armenia","2013","22.7 0"
"Armenia","2012","26"
"Armenia","2011","26.8 0"
"Armenia","2010","27.1"
"Armenia","2009","26.5 0"
"Armenia","2008","24.7 0"
"Armenia","2007","24.4 0"
"Armenia","2006","24.3 0"
"Armenia","2005","25.9 0"
"Armenia","2004","28.9 0"
"Armenia","2003","28.7 0"
"Armenia","2002","27.6 0"
"Armenia","2001","27.6"
"Armenia","2000","0"
"Australia","2019","8.7 0.1"
"Australia","2018","9.4 0.1"
"Australia","2017","10.1 0.1"
"Australia","2016","10.3 0.1"
"Australia","2015","11.9 0.1"
"Australia","2014","12.9 0.1"
"Australia","2013","14.6 0.1"
"Australia","2012","16.1 0.1"
"Australia","2011","16.1 0.1"
"Australia","2010","16.7 0.1"
"Australia","2009","17.9 0.1"
"Australia","2008","18.4 0.1"
"Australia","2007","17.1 0.2"
"Australia","2006","16.3 0.1"
"Australia","2005","16.6 0.1"
"Australia","2004","16.2 0"
"Australia","2003","16.2 0.1"
"Australia","2002","17.4 0.1"
"Australia","2001","17.9 0.1"
"Australia","2000","0.1"
"Austria","2019","5.2 0"
"Austria","2018","5.5 0"
"Austria","2017","6.7 0.1"
"Austria","2016","7.2 0.1"
"Austria","2015","7.6 0.1"
"Austria","2014","7.4 0.1"
"Austria","2013","8.1 0.1"
"Austria","2012","8.6 0.1"
"Austria","2011","9.1 0.1"
"Austria","2010","10.2 0.1"
"Austria","2009","10.4 0.1"
"Austria","2008","11.3 0.1"
"Austria","2007","11.2 0"
"Austria","2006","11.9 0.1"
"Austria","2005","12.8 0"
"Austria","2004","13.7 0.1"
"Austria","2003","13.2 0.1"
"Austria","2002","13.8 0.1"
"Austria","2001","13.7 0.1"
"Austria","2000","0"
"Azerbaijan","2020","42.2"
"Azerbaijan","2019","48.1 0"
"Azerbaijan","2018","43.5 0"
"Azerbaijan","2017","45 0"
"Azerbaijan","2016","52.8 0"
"Azerbaijan","2015","52.4 0"
"Azerbaijan","2014","52.9 0"
"Azerbaijan","2013","47.2 0"
"Azerbaijan","2012","53.3 0"
"Azerbaijan","2011","56.7"
"Azerbaijan","2010","60 0"
"Azerbaijan","2009","49.5 0"
"Azerbaijan","2008","50.2 0"
"Azerbaijan","2007","46 0"
"Azerbaijan","2006","0"
"Azerbaijan","2005","33.3 0"
"Azerbaijan","2004","0"
"Azerbaijan","2003","27.7 0"
"Azerbaijan","2002","26.2 0"
"Azerbaijan","2001","26.4 0"
"Azerbaijan","2000","0"
"Bahamas","2013","29 0.3"
"Bahamas","2012","32 0.2"
"Bahamas","2011","33.1 0.3"
"Bahamas","2010","35.9 0.8"
"Bahamas","2009","34 0.3"
"Bahamas","2008","39.8 0.7"
"Bahamas","2007","40.4 0.4"
"Bahamas","2006","37.3 0.9"
"Bahamas","2005","43 0"
"Bahamas","2004","46.4 0"
"Bahamas","2003","45.6 0"
"Bahamas","2002","46.9 0"
"Bahamas","2001","50.8 0"
"Bahamas","2000","0"
"Bahrain","2019","0"
"Bahrain","2018","12.5 0"
"Bahrain","2017","13.6 0"
"Bahrain","2016","13.9 0"
"Bahrain","2015","14.6 0.1"
"Bahrain","2014","14.3 0"
"Bahrain","2013","15.3 0"
"Bahrain","2012","14.2 0"
"Bahrain","2011","14.1 0"
"Bahrain","2010","13.8 0"
"Bahrain","2009","14.6 0.1"
"Bahrain","2008","12.3 0.1"
"Bahrain","2007","12.7 0.1"
"Bahrain","2006","13.2 0.1"
"Bahrain","2005","16.3 0.1"
"Bahrain","2004","0"
"Bahrain","2003","12.7 0.4"
"Bahrain","2002","12.4 0"
"Bahrain","2001","11.5 0"
"Bahrain","2000","0.1"
"Bangladesh","2019","74"
"Bangladesh","2018","74"
"Bangladesh","2017","82.7 0.9"
"Bangladesh","2016","108 4.6"
"Bangladesh","2015","111.8 5.5"
"Bangladesh","2014","103.1 3"
"Bangladesh","2013","113.5 10"
"Bangladesh","2012","117 9"
"Bangladesh","2011","112.4 4.5"
"Bangladesh","2010","118.3 5.1"
"Bangladesh","2009","128 7.2"
"Bangladesh","2008","115.6 7.1"
"Bangladesh","2007","140.2 9.1"
"Bangladesh","2006","122.6 8.2"
"Bangladesh","2005","126.2 9.8"
"Bangladesh","2004","10.2"
"Bangladesh","2002","137.1 11.2"
"Bangladesh","2001","146 21.4"
"Barbados","2007","49.7 1"
"Barbados","2006","45.8 0.3"
"Barbados","2005","46.2 0.5"
"Barbados","2003","50.5 0"
"Barbados","2002","55.3 0"
"Barbados","2001","62.8 0"
"Belarus","2018","11.7 0"
"Belarus","2017","14.2 0.1"
"Belarus","2016","16 0.1"
"Belarus","2015","18.1 0.1"
"Belarus","2014","20.5 0.1"
"Belarus","2013","22.1 0.2"
"Belarus","2012","22.4 0.1"
"Belarus","2011","20.9 0.1"
"Belarus","2010","20.7 0.1"
"Belarus","2009","22.4 0.1"
"Belarus","2008","22.3 0.1"
"Belarus","2007","22.1 0.1"
"Belarus","2006","22.5 0.1"
"Belarus","2005","21.7 0"
"Belarus","2004","22.6 0.1"
"Belarus","2003","23.8 0.1"
"Belarus","2002","24 0.1"
"Belarus","2001","25.8 0.1"
"Belarus","2000","0.1"
"Belgium","2019","5.1 0"
"Belgium","2018","5.5 0.1"
"Belgium","2017","5.9 0.1"
"Belgium","2016","6.2 0"
"Belgium","2015","6.6 0.1"
"Belgium","2014","6.9 0"
"Belgium","2013","7.3 0.1"
"Belgium","2012","8.8 0.1"
"Belgium","2011","9.4 0.1"
"Belgium","2010","9.6 0.1"
"Belgium","2009","10.3 0.1"
"Belgium","2008","10.3 0.1"
"Belgium","2007","10.5 0.1"
"Belgium","2006","10.5 0.1"
"Belgium","2005","10.5 0.1"
"Belgium","2004","10.5 0.1"
"Belgium","2003","10.5 0"
"Belgium","2002","10.9 0.1"
"Belgium","2001","11.8 0.1"
"Belgium","2000","0.1"
"Belize","2020","55.4 1"
"Belize","2019","58.2 1.3"
"Belize","2018","65.4 0.7"
"Belize","2017","64.3 1.1"
"Belize","2016","69.2 1.1"
"Belize","2015","66.3 1"
"Belize","2014","74 0.9"
"Belize","2013","82.2 1.9"
"Belize","2011","2.6"
"Belize","2010","64"
"Belize","2007","78 0.7"
"Belize","2006","81.5 1.4"
"Belize","2004","96.2 1.1"
"Belize","2002","90.4"
"Belize","2001","0"
"Benin","2016","108 1.8"
"Benin","2015","108.1 2"
"Benin","2014","94"
"Benin","2013","106.4 4.1"
"Benin","2012","94.3 2"
"Benin","2011","97.8 2.7"
"Benin","2010","93.9 2.4"
"Benin","2009","98 3.2"
"Benin","2007","103 6.1"
"Benin","2006","115 7.8"
"Benin","2005","112.3 3.9"
"Benin","2004","114 4.3"
"Benin","2003","10.8"
"Benin","2002","87 7.5"
"Benin","2001","87.1 16.5"
"Bhutan","2019","8 0"
"Bhutan","2003","91.2"
"Bhutan","2002","83.1"
"Bhutan","2001","75.1"
"Bolivia (Plurinational State of)","2015","71"
"Bolivia (Plurinational State of)","2012","77.9"
"Bolivia (Plurinational State of)","2006","87.6 2.7"
"Bolivia (Plurinational State of)","2005","89 2.8"
"Bolivia (Plurinational State of)","2003","94.4 2.9"
"Bolivia (Plurinational State of)","2002","84 2.8"
"Bosnia and Herzegovina","2019","10.1 0"
"Bosnia and Herzegovina","2018","9.9 0.1"
"Bosnia and Herzegovina","2017","10.7"
"Bosnia and Herzegovina","2016","11"
"Bosnia and Herzegovina","2015","10.5"
"Bosnia and Herzegovina","2014","10.7"
"Bosnia and Herzegovina","2013","11"
"Bosnia and Herzegovina","2012","12.3 0"
"Bosnia and Herzegovina","2011","12.2"
"Bosnia and Herzegovina","2010","13.5 0.1"
"Bosnia and Herzegovina","2009","14.8 0.1"
"Bosnia and Herzegovina","2008","15.8 0.1"
"Bosnia and Herzegovina","2007","15.2 0.1"
"Bosnia and Herzegovina","2006","16.4 0.1"
"Bosnia and Herzegovina","2005","16.5 0.1"
"Bosnia and Herzegovina","2004","17.2 0.1"
"Bosnia and Herzegovina","2003","17.4 0.1"
"Bosnia and Herzegovina","2002","18.7 0.1"
"Bosnia and Herzegovina","2001","17.4 0.1"
"Bosnia and Herzegovina","2000","0"
"Botswana","2019","53.3 0.3"
"Botswana","2018","51.9 0.4"
"Botswana","2017","50 0.2"
"Botswana","2016","48.9 0.3"
"Botswana","2015","1"
"Botswana","2014","38.6 0.3"
"Botswana","2013","43.6 0.3"
"Botswana","2012","40.2 0.4"
"Botswana","2011","39 0.2"
"Botswana","2006","51 0"
"Botswana","2003","68"
"Brazil","2019","49.1 2.6"
"Brazil","2018","52.5 2.8"
"Brazil","2017","52.7 2.9"
"Brazil","2016","58.6 3.1"
"Brazil","2015","61.7 3.4"
"Brazil","2014","63.4 3.5"
"Brazil","2013","63.1 3.4"
"Brazil","2012","63 3.4"
"Brazil","2011","63.1 3.3"
"Brazil","2010","62.2 3.2"
"Brazil","2009","64.6 3.3"
"Brazil","2008","67.3 3.4"
"Brazil","2007","68.5 3.3"
"Brazil","2006","70.9 3.3"
"Brazil","2005","73.9 3.2"
"Brazil","2004","73.3 3.1"
"Brazil","2003","73.7 3.2"
"Brazil","2002","75.2 3.2"
"Brazil","2001","78.4 3.3"
"Brazil","2000","3.4"
"Brunei Darussalam","2018","9.9"
"Brunei Darussalam","2017","9.8"
"Brunei Darussalam","2016","10.2"
"Brunei Darussalam","2015","11.6"
"Brunei Darussalam","2014","11.6"
"Brunei Darussalam","2013","13.2"
"Brunei Darussalam","2012","16"
"Brunei Darussalam","2011","14.5"
"Brunei Darussalam","2008","16.4"
"Brunei Darussalam","2007","18.4"
"Brunei Darussalam","2006","17.8"
"Brunei Darussalam","2002","24.8"
"Brunei Darussalam","2001","27.7"
"Bulgaria","2019","39.3 1.5"
"Bulgaria","2018","38.9 1.6"
"Bulgaria","2017","38.2 1.7"
"Bulgaria","2016","38.2 1.7"
"Bulgaria","2015","39.4 1.9"
"Bulgaria","2014","41.3 2.1"
"Bulgaria","2013","42 1.9"
"Bulgaria","2012","42.5 1.6"
"Bulgaria","2011","41.7 2.2"
"Bulgaria","2010","42 2.3"
"Bulgaria","2009","47.5 4.8"
"Bulgaria","2008","44.2 4.4"
"Bulgaria","2007","42.1 3.7"
"Bulgaria","2006","41.2 3.3"
"Bulgaria","2005","39.3 3.2"
"Bulgaria","2004","41.1 2.6"
"Bulgaria","2003","39.8 2.3"
"Bulgaria","2002","40.9 2.1"
"Bulgaria","2001","42.8 2.5"
"Bulgaria","2000","2.7"
"Burkina Faso","2019","123.7"
"Burkina Faso","2018","127.3"
"Burkina Faso","2016","132.3 2.6"
"Burkina Faso","2015","137 4.7"
"Burkina Faso","2014","129"
"Burkina Faso","2013","132"
"Burkina Faso","2009","130.1 0.6"
"Burkina Faso","2008","136 1.2"
"Burkina Faso","2006","127.5 2.6"
"Burkina Faso","2003","5.1"
"Burkina Faso","2002","119.2 0.3"
"Burundi","2015","58.2 0.7"
"Burundi","2014","63.8 0.7"
"Burundi","2012","74.8 1"
"Burundi","2011","84.5 0.8"
"Burundi","2010","1"
"Burundi","2009","0.3"
"Burundi","2008","50.4 0.6"
"Burundi","2006","72.3 1.5"
"Burundi","2005","73.5"
"Burundi","2004","93.3 3.1"
"Burundi","2003","1.6"
"Cabo Verde","2018","57.4 1"
"Cabo Verde","2017","1.1"
"Cabo Verde","2016","0.8"
"Cabo Verde","2015","64.3 1"
"Cabo Verde","2014","66.6 0.9"
"Cabo Verde","2013","68.5 0.8"
"Cabo Verde","2012","70.7 0.9"
"Cabo Verde","2011","75.4 1.2"
"Cabo Verde","2010","80 0.7"
"Cabo Verde","2009","73.2 0.5"
"Cabo Verde","2008","83.9 1.5"
"Cabo Verde","2007","84.7 1.6"
"Cabo Verde","2006","84.1 1.4"
"Cabo Verde","2004","90"
"Cabo Verde","2003","92"
"Cambodia","2013","0.1"
"Cambodia","2012","30 0.3"
"Cambodia","2010","53.8 0.8"
"Cambodia","2009","46.1 0.3"
"Cambodia","2008","48 0.2"
"Cambodia","2007","50.4 0.9"
"Cambodia","2006","50.5 0.3"
"Cambodia","2004","47.3 0.3"
"Cambodia","2003","0.4"
"Cameroon","2017","122.2 2.9"
"Cameroon","2016","123.9 4.4"
"Cameroon","2014","119 7"
"Cameroon","2013","118.6 6.3"
"Cameroon","2012","118.8 7.5"
"Cameroon","2011","10"
"Cameroon","2010","123.7 10.9"
"Cameroon","2009","126.7 6.1"
"Cameroon","2008","128 7.8"
"Cameroon","2007","134.5 10.7"
"Cameroon","2006","130.1 9.2"
"Cameroon","2005","150.1 14.8"
"Cameroon","2004","138.6 14.2"
"Cameroon","2003","143.2 12.9"
"Cameroon","2002","137.6 4.1"
"Cameroon","2001","141"
"Canada","2019","6.5 0.1"
"Canada","2018","6.6 0.1"
"Canada","2017","7.7 0.1"
"Canada","2016","8.4 0.1"
"Canada","2015","9.4 0.1"
"Canada","2014","10.2 0.1"
"Canada","2013","11.1 0.1"
"Canada","2012","12 0.1"
"Canada","2011","12.6 0.2"
"Canada","2010","13.5 0.2"
"Canada","2009","14.2 0.2"
"Canada","2008","14.3 0.2"
"Canada","2007","14 0.2"
"Canada","2006","13.7 0.2"
"Canada","2005","13.4 0.2"
"Canada","2004","13.7 0.2"
"Canada","2003","14.5 0.2"
"Canada","2002","15 0.2"
"Canada","2001","16.3 0.2"
"Canada","2000","0.3"
"Central African Republic","2018","184.4 8"
"Central African Republic","2017","182.4 11.5"
"Central African Republic","2015","179.7 19"
"Central African Republic","2012","189.2 26.9"
"Central African Republic","2010","229"
"Central African Republic","2009","229 25.8"
"Central African Republic","2007","158.6 26"
"Central African Republic","2006","153.4 24.8"
"Central African Republic","2003","132.9 22.9"
"Chad","2018","138.5 3.9"
"Chad","2017","156.9 5.3"
"Chad","2015","197 11.4"
"Chad","2013","179.4 6"
"Chad","2012","196.8 9.9"
"Chad","2010","17.6"
"Chad","2009","160.1 28.6"
"Chad","2007","203.4 28.6"
"Chad","2006","185.6 20.2"
"Chad","2004","25.4"
"Chad","2003","187.1 6.6"
"Chad","2002","193 27"
"Chad","2001","26.2"
"Chile","2018","22.6 0.6"
"Chile","2017","26.4 0.8"
"Chile","2016","33.4 1.1"
"Chile","2015","40.6 1.2"
"Chile","2014","46.1 1.4"
"Chile","2013","48.4 1.5"
"Chile","2012","51.6 1.4"
"Chile","2011","52.3 1.4"
"Chile","2010","53.5 1.5"
"Chile","2009","55.9 1.6"
"Chile","2008","56.5 1.5"
"Chile","2007","54.8 1.4"
"Chile","2006","52.7 1.3"
"Chile","2005","50.4 2.3"
"Chile","2004","49.2 2.2"
"Chile","2003","50.7 2.4"
"Chile","2002","55.9 2.7"
"Chile","2001","60.6 2.8"
"Chile","2000","2.7"
"China","2020","6.1"
"China","2015","9.2"
"China","2013","7.8"
"China","2012","6.7"
"China","2011","6.2"
"China","2010","5.9"
"China","2009","6.2"
"China","2007","3.8"
"China","2005","6.3"
"China","2004","5.6"
"China","2002","2.7"
"Colombia","2020","52.6 2.2"
"Colombia","2019","57.9 2.5"
"Colombia","2018","60.5 2.8"
"Colombia","2017","61 3"
"Colombia","2016","62 2.8"
"Colombia","2015","64.9 3"
"Colombia","2014","74.6 2.5"
"Colombia","2013","71.6 2.8"
"Colombia","2012","75.2 3.1"
"Colombia","2011","72.6 2.7"
"Colombia","2010","84 3"
"Colombia","2008","83.5 3.8"
"Colombia","2007","85 3.5"
"Colombia","2006","3"
"Colombia","2005","96.2 3.4"
"Colombia","2004","80.5 2.9"
"Colombia","2003","90.4 3"
"Colombia","2002","92 3.2"
"Colombia","2001","81.7 2.8"
"Colombia","2000","2.9"
"Comoros","2017","38"
"Comoros","2011","70.3 1.7"
"Comoros","2010","71 1.6"
"Comoros","2008","74.7 2.4"
"Comoros","2005","89 7.5"
"Comoros","2002","91.6 7.7"
"Congo","2014","2.5"
"Congo","2013","111.3 6.2"
"Congo","2012","114.8 6.8"
"Congo","2010","147.3 4.6"
"Congo","2009","147 4.7"
"Congo","2007","143.7 5.4"
"Congo","2004","128.8 1.4"
"Congo","2003","131 3.5"
"Congo","2002","108.7 7.9"
"Congo","2001","6.6"
"Cook Islands","2017","41.9 0.3"
"Cook Islands","2016","0.3"
"Cook Islands","2015","0.3"
"Cook Islands","2014","0.3"
"Cook Islands","2013","0"
"Cook Islands","2012","0"
"Cook Islands","2011","0"
"Cook Islands","2010","0.2"
"Cook Islands","2009","43.2 0.7"
"Cook Islands","2006","58.7"
"Costa Rica","2020","33.3 1.3"
"Costa Rica","2019","40.9 1.5"
"Costa Rica","2018","50.4 1.5"
"Costa Rica","2017","52.5 1.7"
"Costa Rica","2016","53.2 2"
"Costa Rica","2015","55.9 2.5"
"Costa Rica","2014","59.8 2.8"
"Costa Rica","2013","61.6 2.6"
"Costa Rica","2012","67.1 4.6"
"Costa Rica","2011","65.4"
"Costa Rica","2010","62.8 2.2"
"Costa Rica","2009","68.7 2.8"
"Costa Rica","2008","70.9 2.6"
"Costa Rica","2007","68 2.5"
"Costa Rica","2006","65.6 2.3"
"Costa Rica","2005","66.2"
"Costa Rica","2004","69.3 2.2"
"Costa Rica","2003","70.8 2.3"
"Costa Rica","2002","70.3 2.3"
"Costa Rica","2001","76.7 2.9"
"Costa Rica","2000","3"
"Côte d'Ivoire","2017","118.8"
"Côte d'Ivoire","2016","126.2"
"Côte d'Ivoire","2015","123.3 5"
"Côte d'Ivoire","2014","6"
"Côte d'Ivoire","2013","3"
"Côte d'Ivoire","2012","112.2 6.4"
"Côte d'Ivoire","2010","129 5.3"
"Côte d'Ivoire","2009","125 7"
"Côte d'Ivoire","2008","128.1"
"Côte d'Ivoire","2007","120.3 9.2"
"Côte d'Ivoire","2006","120.7 7.7"
"Côte d'Ivoire","2005","111.1"
"Côte d'Ivoire","2004","129.6 6.3"
"Côte d'Ivoire","2003","132 8.8"
"Côte d'Ivoire","2002","134.3"
"Côte d'Ivoire","2001","135 16.8"
"Croatia","2019","8.8 0.1"
"Croatia","2018","8.6 0.1"
"Croatia","2017","9.1 0.1"
"Croatia","2016","9.6 0.1"
"Croatia","2015","9.6 0.1"
"Croatia","2014","10.2 0.1"
"Croatia","2013","10.6 0.1"
"Croatia","2012","11.4 0.2"
"Croatia","2011","11.9 0.1"
"Croatia","2010","12.4 0.2"
"Croatia","2009","13.5 0.1"
"Croatia","2008","14.6 0.1"
"Croatia","2007","14.3 0.1"
"Croatia","2006","14.4 0.1"
"Croatia","2005","14.8 0.1"
"Croatia","2004","14.5 0.2"
"Croatia","2003","14.9 0.1"
"Croatia","2002","16 0.1"
"Croatia","2001","16.6 0.1"
"Croatia","2000","0.1"
"Cuba","2020","51.1 1.3"
"Cuba","2019","52.4 1.5"
"Cuba","2018","53.3 1.5"
"Cuba","2017","51.5 1.3"
"Cuba","2016","48.7 1.2"
"Cuba","2015","52.5 1.2"
"Cuba","2014","48.9 1.4"
"Cuba","2013","51.3 1.3"
"Cuba","2012","51.7 1.2"
"Cuba","2011","56.8 1.2"
"Cuba","2010","54.3 1"
"Cuba","2009","53.5 0.9"
"Cuba","2008","50.8 1"
"Cuba","2007","43.9 0.9"
"Cuba","2006","41 1"
"Cuba","2005","43.3 1.2"
"Cuba","2004","44.9 1.2"
"Cuba","2003","48.9 1.2"
"Cuba","2002","47.9 1.1"
"Cuba","2001","48.3 1.2"
"Cuba","2000","1.2"
"Cyprus","2019","6.7 0"
"Cyprus","2018","0.2"
"Cyprus","2017","4.4 0"
"Cyprus","2016","4 0"
"Cyprus","2015","4.9 0"
"Cyprus","2014","4.9 0"
"Cyprus","2013","0"
"Cyprus","2012","6.5 0"
"Cyprus","2011","5.6 0.1"
"Cyprus","2010","6.1 0"
"Cyprus","2009","5.4 0.1"
"Cyprus","2008","0"
"Cyprus","2007","0"
"Cyprus","2006","6.2 0"
"Cyprus","2005","6.5 0"
"Cyprus","2004","8 0"
"Cyprus","2003","6.8 0"
"Cyprus","2002","0"
"Cyprus","2001","0"
"Cyprus","2000","0"
"Czechia","2019","9.9 0.1"
"Czechia","2018","10.8 0.1"
"Czechia","2017","12.1 0.1"
"Czechia","2016","11.8 0.1"
"Czechia","2015","11.6 0.1"
"Czechia","2014","11.9 0"
"Czechia","2013","11.1 0.1"
"Czechia","2012","11.9 0.1"
"Czechia","2011","11.2 0.1"
"Czechia","2010","11.5 0.1"
"Czechia","2009","11.9 0.1"
"Czechia","2008","11.6 0.1"
"Czechia","2007","11.2 0.1"
"Czechia","2006","11 0.1"
"Czechia","2005","11 0.1"
"Czechia","2004","11.4 0.1"
"Czechia","2003","11.4 0.1"
"Czechia","2002","11.6 0.1"
"Czechia","2001","11.5 0.1"
"Czechia","2000","0.1"
"Democratic People's Republic of Korea","2017","1"
"Democratic People's Republic of Korea","2008","0"
"Democratic Republic of the Congo","2016","109 3.4"
"Democratic Republic of the Congo","2015","111.1 3.8"
"Democratic Republic of the Congo","2013","120.1 6.1"
"Democratic Republic of the Congo","2012","138.1 3.5"
"Democratic Republic of the Congo","2011","135.2 5.5"
"Democratic Republic of the Congo","2010","116.2 7.4"
"Democratic Republic of the Congo","2009","127.6 7.6"
"Democratic Republic of the Congo","2008","132.1"
"Democratic Republic of the Congo","2007","112.6 9.1"
"Democratic Republic of the Congo","2005","123.6 4.4"
"Democratic Republic of the Congo","2004","126.8 4.4"
"Democratic Republic of the Congo","2002","126.1 5"
"Democratic Republic of the Congo","2001","117 13.1"
"Denmark","2020","1.6 0"
"Denmark","2019","2 0"
"Denmark","2018","2.4 0"
"Denmark","2017","2.8 0"
"Denmark","2016","2.5 0"
"Denmark","2015","2.3 0"
"Denmark","2014","2.4 0"
"Denmark","2013","2.9 0"
"Denmark","2012","3 0"
"Denmark","2011","3.2 0"
"Denmark","2010","3.6 0"
"Denmark","2009","3.9 0"
"Denmark","2008","4.4 0"
"Denmark","2007","4.2 0"
"Denmark","2006","0"
"Denmark","2005","5.8 0.1"
"Denmark","2004","5.8 0.1"
"Denmark","2003","6.2 0"
"Denmark","2002","6.7 0"
"Denmark","2001","7.6 0"
"Denmark","2000","0"
"Djibouti","2011","21 0.1"
"Djibouti","2010","20.4 0.1"
"Djibouti","2009","20.6"
"Djibouti","2008","18.2 1.7"
"Djibouti","2005","26.7 2.8"
"Djibouti","2002","31 2.3"
"Dominica","2006","47.1 0.8"
"Dominica","2005","42.5 1.3"
"Dominica","2004","47.8"
"Dominica","2003","48.4 0"
"Dominica","2002","48.1 0"
"Dominica","2001","49.7 0"
"Dominican Republic","2020","0.8"
"Dominican Republic","2019","1.7"
"Dominican Republic","2018","3.6"
"Dominican Republic","2017","51 3.4"
"Dominican Republic","2015","90.6 3.9"
"Dominican Republic","2013","89.5 5.8"
"Dominican Republic","2012","89.8 2.4"
"Dominican Republic","2011","90 3.9"
"Dominican Republic","2010","93.1 4"
"Dominican Republic","2009","93 4.4"
"Dominican Republic","2007","96.2 5.2"
"Dominican Republic","2006","101.9 4.8"
"Dominican Republic","2005","92.4 2.5"
"Dominican Republic","2004","95 3.5"
"Dominican Republic","2002","109.4 4.7"
"Dominican Republic","2001","116.2 6.3"
"Ecuador","2020","58.4 2.2"
"Ecuador","2019","63.5 2.4"
"Ecuador","2018","69.5 2.8"
"Ecuador","2017","71.1 3"
"Ecuador","2016","69.7 2.9"
"Ecuador","2015","76.5 3.4"
"Ecuador","2014","72.3 3.3"
"Ecuador","2013","72.9 3.2"
"Ecuador","2012","84 3.7"
"Ecuador","2011","84 3.4"
"Ecuador","2010","83.7 3.3"
"Ecuador","2009","86.6 3.2"
"Ecuador","2008","93.7 2.8"
"Ecuador","2007","91.6 2.5"
"Ecuador","2006","76.8 2.2"
"Ecuador","2005","69.5 1.8"
"Ecuador","2004","71.8 2"
"Ecuador","2003","74.7 2.1"
"Ecuador","2002","99.6 3.6"
"Ecuador","2001","100.9 1.8"
"Ecuador","2000","2"
"Egypt","2019","46.9"
"Egypt","2018","51.8"
"Egypt","2017","59"
"Egypt","2014","56"
"Egypt","2012","56.5 0.5"
"Egypt","2011","0.5"
"Egypt","2010","0"
"Egypt","2009","61 1"
"Egypt","2008","0"
"Egypt","2007","0"
"Egypt","2006","50.5 0.2"
"Egypt","2005","50 0.1"
"Egypt","2003","47.9 0"
"Egypt","2002","48 0.3"
"Egypt","2001","47.3 0.3"
"El Salvador","2018","51.8 2"
"El Salvador","2017","55.6 2.3"
"El Salvador","2016","58.9 2.4"
"El Salvador","2015","69.7 3"
"El Salvador","2014","64.7 2.8"
"El Salvador","2013","74"
"El Salvador","2012","69 3.1"
"El Salvador","2011","67.1 3.3"
"El Salvador","2010","65.4 2.9"
"El Salvador","2009","75.7 4.1"
"El Salvador","2007","89.4 5.1"
"El Salvador","2006","89.4 5"
"El Salvador","2005","89 0"
"El Salvador","2004","87.7 4.6"
"El Salvador","2003","81.9 3.3"
"El Salvador","2002","86.4 3.5"
"El Salvador","2001","100.1 5.1"
"El Salvador","2000","4.3"
"Equatorial Guinea","2010","176"
"Equatorial Guinea","2009","177"
"Equatorial Guinea","2008","177"
"Equatorial Guinea","2004","180"
"Eritrea","2008","76 0.9"
"Eritrea","2007","84 1.3"
"Eritrea","2005","97.8 2.8"
"Eritrea","2002","97 5.5"
"Estonia","2019","8.5 0.1"
"Estonia","2018","9.6 0.1"
"Estonia","2017","10.5 0.1"
"Estonia","2016","10.5 0.3"
"Estonia","2015","12.5 0.1"
"Estonia","2014","15.6 0.1"
"Estonia","2013","16.3 0.1"
"Estonia","2012","15.3 0.1"
"Estonia","2011","16.2 0.1"
"Estonia","2010","17.5 0"
"Estonia","2009","21 0.2"
"Estonia","2008","23.8 0.1"
"Estonia","2007","25.1 0.2"
"Estonia","2006","22.9 0.1"
"Estonia","2005","22.6 0.1"
"Estonia","2004","22.6 0.1"
"Estonia","2003","22 0.1"
"Estonia","2002","23 0.1"
"Estonia","2001","24.8 0.1"
"Estonia","2000","0.1"
"Eswatini","2013","87.1 1.2"
"Eswatini","2012","82.6 1.6"
"Eswatini","2010","84.5 1.4"
"Eswatini","2009","88.6 1.5"
"Eswatini","2008","93.7 1.2"
"Eswatini","2007","99.9 2.6"
"Eswatini","2006","102.9 0.9"
"Eswatini","2005","110.8 3.5"
"Eswatini","2004","110.6 2.5"
"Eswatini","2003","109.3 3.5"
"Eswatini","2002","111.4 3.1"
"Ethiopia","2018","73.5"
"Ethiopia","2017","72.4 0.5"
"Ethiopia","2016","78.6 1.9"
"Ethiopia","2015","76.6"
"Ethiopia","2014","79.5 0.6"
"Ethiopia","2013","71.2 1"
"Ethiopia","2012","63.4 0.1"
"Ethiopia","2011","75.6 1.3"
"Ethiopia","2009","79.3 0.4"
"Ethiopia","2008","87 1.5"
"Ethiopia","2006","91 3.8"
"Ethiopia","2003","103.8 2.3"
"Ethiopia","2002","3.1"
"Fiji","2017","0.1"
"Fiji","2016","23.1 0.1"
"Fiji","2015","22 0.1"
"Fiji","2013","23.9"
"Fiji","2011","32.5"
"Fiji","2008","27.4 0.1"
"Fiji","2006","39.8"
"Fiji","2005","35"
"Fiji","2004","31 0.2"
"Finland","2019","4.1 0"
"Finland","2018","4.3 0"
"Finland","2017","4.9 0"
"Finland","2016","5.5 0"
"Finland","2015","6.2 0.1"
"Finland","2014","7.2 0"
"Finland","2013","7.3 0"
"Finland","2012","7.5 0"
"Finland","2011","7.7 0"
"Finland","2010","8.4 0"
"Finland","2009","8.5 0"
"Finland","2008","8.6 0"
"Finland","2007","9.1 0"
"Finland","2006","9.4 0"
"Finland","2005","10.3 0.1"
"Finland","2004","10.6 0"
"Finland","2003","10.3 0"
"Finland","2002","11.2 0"
"Finland","2001","10.6 0.1"
"Finland","2000","0"
"France","2019","7.5 0.1"
"France","2018","8.6 0.1"
"France","2017","0.1"
"France","2016","5 0.1"
"France","2015","5.6 0.1"
"France","2014","6.2 0.1"
"France","2013","6.6 0.1"
"France","2012","7 0.1"
"France","2011","7 0.1"
"France","2010","7.2 0.1"
"France","2009","7.3 0.1"
"France","2008","7.5 0.1"
"France","2007","7.4 0.1"
"France","2006","7.5 0.1"
"France","2005","7.6 0.1"
"France","2004","7.8 0.1"
"France","2003","7.7 0.1"
"France","2002","8 0.1"
"France","2001","8.4 0.1"
"France","2000","0.1"
"Gabon","2012","91"
"Gabon","2010","113.6 6.5"
"Gabon","2009","115 6.5"
"Gabon","2007","116.8 7.5"
"Gabon","2004","117 9.6"
"Gabon","2001","9.7"
"Gambia","2018","64.8 1.1"
"Gambia","2017","64.9 1.3"
"Gambia","2016","67.5 1.1"
"Gambia","2015","75.8 2"
"Gambia","2013","95.1 4.4"
"Gambia","2012","86 4.1"
"Gambia","2011","88.1 1.9"
"Gambia","2010","2.8"
"Gambia","2009","3.3"
"Gambia","2008","90 5.4"
"Gambia","2007","114 9"
"Gambia","2006","5.9"
"Gambia","2005","7.3"
"Gambia","2004","104.8 12"
"Gambia","2003","106.8 6.3"
"Gambia","2002","108.9 9.2"
"Gambia","2001","121.8 13.8"
"Georgia","2020","27.3 0"
"Georgia","2019","29.4 0"
"Georgia","2018","30.1 0"
"Georgia","2017","36.2 0.1"
"Georgia","2016","43.6 0.2"
"Georgia","2015","48.6 0.3"
"Georgia","2014","0.2"
"Georgia","2013","40.8 0.2"
"Georgia","2012","39.9 0.2"
"Georgia","2011","42.8 0"
"Georgia","2010","48.5 0.2"
"Georgia","2009","52 0.3"
"Georgia","2008","43.8 0.2"
"Georgia","2007","36.3 0.1"
"Georgia","2006","36.7 0.2"
"Georgia","2005","38.5 0"
"Georgia","2004","0"
"Georgia","2003","33.2 0.4"
"Georgia","2002","32.8 0"
"Georgia","2001","32.5 0.6"
"Georgia","2000","0.6"
"Germany","2019","6.9 0.1"
"Germany","2018","7.2 0.1"
"Germany","2017","7.8 0.1"
"Germany","2016","9.2 0.2"
"Germany","2015","7.8 0.2"
"Germany","2014","7.8 0.2"
"Germany","2013","7.8 0.1"
"Germany","2012","8 0.1"
"Germany","2011","8.3 0.1"
"Germany","2010","8.9 0.1"
"Germany","2009","9.1 0.1"
"Germany","2008","9.8 0.2"
"Germany","2007","9.9 0.2"
"Germany","2006","10.1 0.2"
"Germany","2005","10.6 0.2"
"Germany","2004","10.9 0.2"
"Germany","2003","11.6 0.2"
"Germany","2002","12.3 0.2"
"Germany","2001","12.9 0.2"
"Germany","2000","0.2"
"Ghana","2018","78 0.7"
"Ghana","2017","73.8 0.9"
"Ghana","2016","75.1 1.4"
"Ghana","2015","76 2.7"
"Ghana","2014","76.7 5.5"
"Ghana","2013","76.3 1.1"
"Ghana","2012","64 0.9"
"Ghana","2011","60"
"Ghana","2010","67.7 3.8"
"Ghana","2009","71.2 2.2"
"Ghana","2007","65.6 0.2"
"Ghana","2006","84.1 1.2"
"Ghana","2005","1.7"
"Ghana","2004","60.1 2"
"Ghana","2003","73.3 2.2"
"Ghana","2002","0.4"
"Ghana","2001","51.1"
"Greece","2020","8.7 0.4"
"Greece","2019","8.4 0.4"
"Greece","2018","8.6 0.4"
"Greece","2017","8.7 0.3"
"Greece","2016","9.2 0.3"
"Greece","2015","8.4 0.2"
"Greece","2014","8.1 0.5"
"Greece","2013","8.1 0.4"
"Greece","2012","8.5 0.3"
"Greece","2011","9.6 0.4"
"Greece","2010","10.8 0.4"
"Greece","2009","11.1 0.6"
"Greece","2008","11.3 0.5"
"Greece","2007","10.3 0.5"
"Greece","2006","10.6 0.5"
"Greece","2005","9.8 0.4"
"Greece","2004","10.6 0.4"
"Greece","2003","10.8 0.5"
"Greece","2002","10.7 0.5"
"Greece","2001","11.1 0.4"
"Greece","2000","0.3"
"Grenada","2014","35.9 1.1"
"Grenada","2013","40.9 0.5"
"Grenada","2000","1.4"
"Guatemala","2020","63.3 1.7"
"Guatemala","2019","71.7 2"
"Guatemala","2018","77.4 2.1"
"Guatemala","2017","78.2 2.1"
"Guatemala","2016","78.9 2.2"
"Guatemala","2015","81.2 1.9"
"Guatemala","2014","84.8 2.4"
"Guatemala","2013","91.7 3.5"
"Guatemala","2012","93.5 3.2"
"Guatemala","2011","89.4 3.1"
"Guatemala","2010","85 3.3"
"Guatemala","2007","98 2.5"
"Guatemala","2006","101 3.5"
"Guatemala","2004","96.1 4.1"
"Guatemala","2003","99.8"
"Guatemala","2002","120.5 4"
"Guatemala","2001","114 4.3"
"Guinea","2016","120 4.4"
"Guinea","2015","132.6 9.5"
"Guinea","2014","138.6 12.5"
"Guinea","2013","130.5 11.3"
"Guinea","2012","147.1 16.4"
"Guinea","2011","146.4 8.5"
"Guinea","2010","154 10.1"
"Guinea","2009","160 19.2"
"Guinea","2008","154 12.3"
"Guinea","2007","140 16.4"
"Guinea","2006","141.5 19.1"
"Guinea","2005","162.2 22.2"
"Guinea","2004","145.8 20.8"
"Guinea","2003","154 4.2"
"Guinea","2002","153 8.4"
"Guinea","2001","17.8"
"Guinea-Bissau","2017","84 1.6"
"Guinea-Bissau","2016","92.8 1.9"
"Guinea-Bissau","2014","112.9 3.6"
"Guinea-Bissau","2012","106.4 1.7"
"Guinea-Bissau","2011","108.6 3.5"
"Guinea-Bissau","2009","136.7 6.9"
"Guinea-Bissau","2008","113.6 17.5"
"Guinea-Bissau","2006","11.1"
"Guinea-Bissau","2005","94.8 18.3"
"Guinea-Bissau","2003","139.1 14.3"
"Guinea-Bissau","2002","127.4 13.7"
"Guyana","2018","64.9 1.3"
"Guyana","2017","70.3 1.3"
"Guyana","2015","83.4 1.2"
"Guyana","2013","73.7 0.3"
"Guyana","2012","78 0.6"
"Guyana","2010","84 1.4"
"Guyana","2009","87.9 2.2"
"Guyana","2007","101.3 1"
"Guyana","2006","97 3.1"
"Guyana","2004","81.2 0"
"Guyana","2003","90.4 0.7"
"Guyana","2002","84.1 7.9"
"Guyana","2001","94.8 5.1"
"Haiti","2015","54.8 1.3"
"Haiti","2014","59.4 0.7"
"Haiti","2012","0.8"
"Haiti","2010","66.1 1.1"
"Haiti","2009","65 1.5"
"Haiti","2007","63.9 2"
"Haiti","2006","75.5 2.2"
"Haiti","2004","68.1 0.9"
"Haiti","2003","69 1.6"
"Haiti","2001","2"
"Honduras","2018","97.1 2.5"
"Honduras","2017","3.4"
"Honduras","2016","0"
"Honduras","2015","3.9"
"Honduras","2014","88.7 3.3"
"Honduras","2013","103 3.7"
"Honduras","2012","110 5.2"
"Honduras","2011","91.7 3.3"
"Honduras","2010","100.6 3.8"
"Honduras","2009","99 3.7"
"Honduras","2008","2.7"
"Honduras","2007","96.6 3.9"
"Honduras","2006","108.1 5.4"
"Honduras","2004","101.8 2.5"
"Honduras","2003","108 2.8"
"Honduras","2001","4.1"
"Hungary","2019","21.1 0.2"
"Hungary","2018","22 0.3"
"Hungary","2017","22.9 0.5"
"Hungary","2016","24.8 0.5"
"Hungary","2015","22.8 0.6"
"Hungary","2014","23.1 0.4"
"Hungary","2013","21.1 0.6"
"Hungary","2012","19.2 0.6"
"Hungary","2011","18 0.6"
"Hungary","2010","17.9 0.5"
"Hungary","2009","19.5 0.6"
"Hungary","2008","20 0.6"
"Hungary","2007","19.4 0.6"
"Hungary","2006","19.7 0.5"
"Hungary","2005","20 0.7"
"Hungary","2004","20.7 0.5"
"Hungary","2003","20.6 0.6"
"Hungary","2002","21.4 0.5"
"Hungary","2001","21.8 0.6"
"Hungary","2000","0.5"
"Iceland","2019","4.4 0"
"Iceland","2018","5.3 0.2"
"Iceland","2017","6 0"
"Iceland","2016","6.7 0"
"Iceland","2015","8 0"
"Iceland","2014","7.6 0.2"
"Iceland","2013","0"
"Iceland","2012","11.4 0"
"Iceland","2011","11 0"
"Iceland","2010","13 0.2"
"Iceland","2009","14.6 0"
"Iceland","2008","14.5 0"
"Iceland","2007","14.1 0"
"Iceland","2006","13.6 0"
"Iceland","2005","14.2 0"
"Iceland","2004","12.5 0.3"
"Iceland","2003","16.1 0"
"Iceland","2002","18.5 0"
"Iceland","2001","19.6 0.2"
"Iceland","2000","0"
"India","2018","12.2"
"India","2017","13"
"India","2016","10.7"
"India","2014","27.3 0.2"
"India","2013","28.1 0.4"
"India","2012","31.5"
"India","2011","30.7 0.8"
"India","2010","37.2"
"India","2009","38.5"
"India","2008","41.6 2"
"India","2007","41.1"
"India","2006","45.9"
"India","2005","45.9 3.7"
"India","2004","51.6 1.7"
"India","2003","46.1 2.4"
"India","2002","47 5.5"
"India","2001","3.6"
"Indonesia","2016","36 0.3"
"Indonesia","2015","39.9 0.4"
"Indonesia","2014","40.1"
"Indonesia","2013","47.4 0.5"
"Indonesia","2011","48.5 0.3"
"Indonesia","2010","48 0.4"
"Indonesia","2009","47 0.1"
"Indonesia","2008","46.9 0.8"
"Indonesia","2007","49.5 1.2"
"Indonesia","2006","51 0.4"
"Indonesia","2005","52 0.8"
"Indonesia","2004","48.6 1.5"
"Indonesia","2003","55.9 1.4"
"Indonesia","2002","53.1 1.5"
"Indonesia","2001","50.9 0.3"
"Iran (Islamic Republic of)","2020","27.6"
"Iran (Islamic Republic of)","2019","30.2 0.5"
"Iran (Islamic Republic of)","2018","31.1 0.5"
"Iran (Islamic Republic of)","2017","33.2 0.6"
"Iran (Islamic Republic of)","2016","33.6 0.6"
"Iran (Islamic Republic of)","2015","37.6"
"Iran (Islamic Republic of)","2014","35.7 0.7"
"Iran (Islamic Republic of)","2013","35.9 0.7"
"Iran (Islamic Republic of)","2012","34.7 0.6"
"Iran (Islamic Republic of)","2011","32.8 0.6"
"Iran (Islamic Republic of)","2010","31.8"
"Iran (Islamic Republic of)","2009","32.8"
"Iran (Islamic Republic of)","2008","32.5"
"Iran (Islamic Republic of)","2007","31"
"Iran (Islamic Republic of)","2006","31.3 0.7"
"Iran (Islamic Republic of)","2005","32.6"
"Iran (Islamic Republic of)","2004","32.7"
"Iran (Islamic Republic of)","2003","34.8"
"Iran (Islamic Republic of)","2002","35.8"
"Iran (Islamic Republic of)","2001","38.1"
"Iraq","2016","70 1.6"
"Iraq","2015","75.6 1.8"
"Iraq","2013","88.5 2"
"Iraq","2010","2.4"
"Iraq","2009","82.1 2.1"
"Iraq","2008","81.1 1.8"
"Iraq","2007","3.3"
"Iraq","2006","81.4 1.8"
"Iraq","2005","2.7"
"Iraq","2004","67.8 2.4"
"Iraq","2003","1.5"
"Iraq","2002","46.8"
"Iraq","2001","49.6 0.8"
"Iraq","2000","0"
"Ireland","2019","5.7 0"
"Ireland","2018","6.2 0"
"Ireland","2017","7.2 0"
"Ireland","2016","7.4 0"
"Ireland","2015","8.6 0"
"Ireland","2014","9 0"
"Ireland","2013","9.2 0"
"Ireland","2012","12 0"
"Ireland","2011","12.4 0.1"
"Ireland","2010","14.6 0.1"
"Ireland","2009","15.7 0.1"
"Ireland","2008","16.5 0.1"
"Ireland","2007","17.3 0.1"
"Ireland","2006","16.2 0.1"
"Ireland","2005","16.8 0.1"
"Ireland","2004","17.3 0"
"Ireland","2003","19.1 0.1"
"Ireland","2002","19.5 0.1"
"Ireland","2001","19.9 0.1"
"Ireland","2000","0.1"
"Israel","2019","8.3 0"
"Israel","2018","8.2 0"
"Israel","2017","9.9 0"
"Israel","2016","9 0"
"Israel","2015","9.7 0"
"Israel","2014","10.2 0"
"Israel","2013","10.4 0"
"Israel","2012","11.6 0"
"Israel","2011","12.5 0"
"Israel","2010","13 0"
"Israel","2009","13.4 0"
"Israel","2008","13.7 0"
"Israel","2007","13.9 0"
"Israel","2006","14.1 0"
"Israel","2005","14.7 0"
"Israel","2004","15.3 0"
"Israel","2003","15.5 0"
"Israel","2002","15.9 0"
"Israel","2001","16.5 0"
"Israel","2000","0"
"Italy","2019","3.7 0"
"Italy","2018","4.1 0"
"Italy","2017","4.4 0"
"Italy","2016","4.8 0"
"Italy","2015","5.1 0"
"Italy","2014","5.6 0"
"Italy","2013","5.8 0"
"Italy","2012","6.4 0"
"Italy","2011","6.4 0"
"Italy","2010","6.7 0"
"Italy","2009","6.9 0"
"Italy","2008","7.2 0"
"Italy","2007","6.8 0"
"Italy","2006","6.8 0"
"Italy","2005","7 0"
"Italy","2004","7.2 0"
"Italy","2003","6.8 0"
"Italy","2002","7 0"
"Italy","2001","6.9 0"
"Italy","2000","0"
"Jamaica","2018","0"
"Jamaica","2017","51.7 0"
"Jamaica","2016","55.3 0"
"Jamaica","2015","54.7 0"
"Jamaica","2014","46.4 0"
"Jamaica","2013","50.8 0"
"Jamaica","2012","52.5 0"
"Jamaica","2011","0"
"Jamaica","2010","70 0"
"Jamaica","2009","57.3 0"
"Jamaica","2008","58.2 0"
"Jamaica","2007","72 0"
"Jamaica","2006","60.5 1.7"
"Jamaica","2005","66.2 0"
"Jamaica","2004","62.4 2.3"
"Jamaica","2003","63.5 2.5"
"Jamaica","2002","79 2.2"
"Jamaica","2001","74.1 2.5"
"Jamaica","2000","2.6"
"Japan","2019","2.8 0"
"Japan","2018","3.1 0"
"Japan","2017","3.4 0"
"Japan","2016","3.7 0"
"Japan","2015","4.1 0"
"Japan","2014","4.5 0"
"Japan","2013","4.4 0"
"Japan","2012","4.4 0"
"Japan","2011","4.5 0"
"Japan","2010","4.5 0"
"Japan","2009","4.8 0"
"Japan","2008","5 0"
"Japan","2007","4.8 0"
"Japan","2006","4.9 0"
"Japan","2005","5.2 0"
"Japan","2004","5.5 0"
"Japan","2003","5.7 0"
"Japan","2002","6 0"
"Japan","2001","5.8 0"
"Japan","2000","0"
"Jordan","2016","27 0.4"
"Jordan","2015","28.6 0.2"
"Jordan","2013","0.1"
"Jordan","2011","25.6 0.1"
"Jordan","2010","27 0"
"Jordan","2008","32.4 0"
"Jordan","2007","32 0"
"Jordan","2006","28.2 0"
"Jordan","2005","0"
"Jordan","2004","0.7"
"Jordan","2003","32.6 0"
"Jordan","2002","0.1"
"Jordan","2001","28.2"
"Kazakhstan","2020","24.6 0"
"Kazakhstan","2019","23.2 0"
"Kazakhstan","2018","25.6 0"
"Kazakhstan","2017","24.9 0"
"Kazakhstan","2016","28.1 0"
"Kazakhstan","2015","31 0"
"Kazakhstan","2014","34.4 0"
"Kazakhstan","2013","33.6 0"
"Kazakhstan","2012","31.4 0"
"Kazakhstan","2011","29.5 0"
"Kazakhstan","2010","28.3 0"
"Kazakhstan","2009","31 0"
"Kazakhstan","2008","31 0.1"
"Kazakhstan","2007","29 0"
"Kazakhstan","2006","27 0"
"Kazakhstan","2005","26 0"
"Kazakhstan","2004","27 0"
"Kazakhstan","2003","27 0"
"Kazakhstan","2002","27 0"
"Kazakhstan","2001","30 0"
"Kazakhstan","2000","0"
"Kenya","2020","0.7"
"Kenya","2019","81.1 0.6"
"Kenya","2018","75.2 0.7"
"Kenya","2017","1.1"
"Kenya","2016","1.1"
"Kenya","2015","86.5"
"Kenya","2014","96 2"
"Kenya","2013","96 2"
"Kenya","2012","2.1"
"Kenya","2011","1.4"
"Kenya","2009","1.6"
"Kenya","2008","1.3"
"Kenya","2007","103 2.4"
"Kenya","2006","106 2.8"
"Kenya","2004","120.5 3.5"
"Kenya","2002","114 2.7"
"Kenya","2001","8.1"
"Kenya","2000","0.5"
"Kiribati","2017","50.6 1.8"
"Kiribati","2016","49.1 1.3"
"Kiribati","2014","49.6 0.8"
"Kiribati","2013","47.6"
"Kiribati","2011","57.2 1.4"
"Kiribati","2010","49"
"Kiribati","2008","51 1.7"
"Kiribati","2007","49"
"Kiribati","2006","42.6 2.4"
"Kiribati","2005","39 2.4"
"Kiribati","2003","36.3"
"Kiribati","2002","44.8 0.3"
"Kuwait","2019","6.2 0"
"Kuwait","2018","5 0"
"Kuwait","2017","6.3 0"
"Kuwait","2016","6.6 0"
"Kuwait","2015","6.1 0"
"Kuwait","2014","6.6 0"
"Kuwait","2013","7.2 0"
"Kuwait","2012","8.7 0"
"Kuwait","2011","9.9 0"
"Kuwait","2010","11.5 0"
"Kuwait","2009","12.2 0"
"Kuwait","2008","12.9 0"
"Kuwait","2007","14.1 0"
"Kuwait","2006","16 0"
"Kuwait","2005","16.8 0"
"Kuwait","2004","17.1 0"
"Kuwait","2003","17.2 0"
"Kuwait","2002","16.4 0"
"Kuwait","2000","0"
"Kyrgyzstan","2020","34 0"
"Kyrgyzstan","2019","37.7 0"
"Kyrgyzstan","2018","35.9 0"
"Kyrgyzstan","2017","33.9 0"
"Kyrgyzstan","2016","38.1 0"
"Kyrgyzstan","2015","39.7 0"
"Kyrgyzstan","2014","43.3 0"
"Kyrgyzstan","2013","41.9 0"
"Kyrgyzstan","2012","42.1 0"
"Kyrgyzstan","2011","41.4 0"
"Kyrgyzstan","2010","34.1 0"
"Kyrgyzstan","2009","31.2 0.2"
"Kyrgyzstan","2008","28.7 0"
"Kyrgyzstan","2007","28.2 0"
"Kyrgyzstan","2006","27.3 0.6"
"Kyrgyzstan","2005","25.1 0"
"Kyrgyzstan","2004","27 0"
"Kyrgyzstan","2003","28.5 0.1"
"Kyrgyzstan","2002","30.9 0"
"Kyrgyzstan","2001","31.5 0"
"Kyrgyzstan","2000","0"
"Lao People's Democratic Republic","2016","83.4 2.6"
"Lao People's Democratic Republic","2015","94.4 3.1"
"Lao People's Democratic Republic","2013","97.2 4.4"
"Lao People's Democratic Republic","2010","94.4 1.3"
"Lao People's Democratic Republic","2009","96.5 2"
"Lao People's Democratic Republic","2007","3.7"
"Lao People's Democratic Republic","2005","58.8 7.1"
"Lao People's Democratic Republic","2004","5.1"
"Latvia","2020","10.8 0"
"Latvia","2019","12.6 0"
"Latvia","2018","12.1 0"
"Latvia","2017","16.1 0.3"
"Latvia","2016","15.4 0.2"
"Latvia","2015","18.1 0.2"
"Latvia","2014","15.4 0.1"
"Latvia","2013","15.3 0.1"
"Latvia","2012","15.3 0.1"
"Latvia","2011","14.6 0"
"Latvia","2010","0"
"Latvia","2009","18.8 0"
"Latvia","2008","17.9 0.1"
"Latvia","2007","18.6 0.1"
"Latvia","2006","18.4 0.1"
"Latvia","2005","16.4 0"
"Latvia","2004","16.3 0"
"Latvia","2003","16.8 0"
"Latvia","2002","16.1 0"
"Latvia","2001","17.3 0.1"
"Latvia","2000","0.1"
"Lebanon","2019","11.7"
"Lebanon","2018","13.3"
"Lebanon","2003","16.7 0"
"Lebanon","2002","17"
"Lesotho","2020","0.1"
"Lesotho","2017","90.8 0.5"
"Lesotho","2016","91 0.6"
"Lesotho","2014","0.5"
"Lesotho","2013","94 1"
"Lesotho","2012","87.9 0.7"
"Lesotho","2011","1.7"
"Lesotho","2010","0.4"
"Lesotho","2008","96 3.8"
"Lesotho","2007","92 1.6"
"Lesotho","2006","1.5"
"Lesotho","2005","1.1"
"Lesotho","2004","0"
"Lesotho","2003","91.6 0"
"Lesotho","2002","89 1.4"
"Liberia","2018","128 3.8"
"Liberia","2017","135.4 4.7"
"Liberia","2015","150.3 4.7"
"Liberia","2014","144.9 5.9"
"Liberia","2012","148.1 6.6"
"Liberia","2011","149.3 3"
"Liberia","2010","150.6 4.4"
"Liberia","2009","154.4 7.3"
"Liberia","2008","147.8 7.6"
"Liberia","2007","176.9 5.1"
"Liberia","2006","6.3"
"Liberia","2005","140.8 6.1"
"Liberia","2004","137 5.5"
"Liberia","2003","20.7"
"Liberia","2002","122.6 4.3"
"Liberia","2001","11.1"
"Libya","2013","10.9"
"Libya","2009","5.7 0"
"Libya","2005","5.1"
"Libya","2002","4 0"
"Libya","2000","0"
"Lithuania","2019","10.1 0.1"
"Lithuania","2018","11.2 0.1"
"Lithuania","2017","12.6 0.1"
"Lithuania","2016","13.3 0.2"
"Lithuania","2015","14.1 0.2"
"Lithuania","2014","13.6 0.3"
"Lithuania","2013","13.6 0.1"
"Lithuania","2012","14.5 0.1"
"Lithuania","2011","14.1 0.2"
"Lithuania","2010","13.2 0.1"
"Lithuania","2009","16.1 0.1"
"Lithuania","2008","19.3 0.2"
"Lithuania","2007","19.4 0.2"
"Lithuania","2006","20.4 0.1"
"Lithuania","2005","19.7 0.1"
"Lithuania","2004","20 0.2"
"Lithuania","2003","21 0.1"
"Lithuania","2002","20.9 0.1"
"Lithuania","2001","21.1 0.1"
"Lithuania","2000","0.1"
"Luxembourg","2020","3.8 0"
"Luxembourg","2019","4 0"
"Luxembourg","2018","4.6 0.1"
"Luxembourg","2017","4 0"
"Luxembourg","2016","4.7 0"
"Luxembourg","2015","5.6 0.1"
"Luxembourg","2014","5.7 0.2"
"Luxembourg","2013","5.2 0.2"
"Luxembourg","2012","6.5 0"
"Luxembourg","2011","7.2 0"
"Luxembourg","2010","7.5 0.1"
"Luxembourg","2009","7.1 0"
"Luxembourg","2008","8.7 0"
"Luxembourg","2007","10.2 0"
"Luxembourg","2006","10.4 0.1"
"Luxembourg","2005","12 0"
"Luxembourg","2004","10.9 0.1"
"Luxembourg","2003","11.1 0"
"Luxembourg","2002","12.4 0.3"
"Luxembourg","2001","12.4 0"
"Luxembourg","2000","0.3"
"Madagascar","2017","150.8 6.9"
"Madagascar","2016","147.2 9.9"
"Madagascar","2014","152 8.4"
"Madagascar","2013","143.3 12.1"
"Madagascar","2011","145 10.6"
"Madagascar","2010","147.6 15"
"Madagascar","2009","168 11.2"
"Madagascar","2008","161 9.1"
"Madagascar","2007","148 7.7"
"Madagascar","2006","147 9.5"
"Madagascar","2005","156.5 19.2"
"Madagascar","2004","11.3"
"Madagascar","2002","150 9.5"
"Madagascar","2001","149 17.4"
"Malawi","2018","101.8"
"Malawi","2015","137.6 2.8"
"Malawi","2014","135.9 3"
"Malawi","2013","136.6 2.6"
"Malawi","2012","143 0.3"
"Malawi","2011","146.3 2.4"
"Malawi","2010","155 3.1"
"Malawi","2009","151.9 1.8"
"Malawi","2008","157 2.1"
"Malawi","2007","158.2"
"Malawi","2006","177 2.7"
"Malawi","2005","183.5 2.4"
"Malawi","2004","189 3.1"
"Malawi","2003","162 1.8"
"Malawi","2002","160 5.5"
"Malawi","2001","164.5"
"Malaysia","2019","8.6 0.1"
"Malaysia","2018","8.8 0.1"
"Malaysia","2017","9.3 0.1"
"Malaysia","2016","10.2 0.1"
"Malaysia","2015","11.8 0.2"
"Malaysia","2014","13.1 0.2"
"Malaysia","2013","13.2 0.1"
"Malaysia","2012","13.3 0.2"
"Malaysia","2011","14 0.2"
"Malaysia","2010","14"
"Malaysia","2009","13.9 0.2"
"Malaysia","2008","13.1 0.1"
"Malaysia","2007","11.1 0.5"
"Malaysia","2006","11.6 0.5"
"Malaysia","2005","12.4 0.2"
"Malaysia","2004","12.8 0.5"
"Malaysia","2003","12.8 0.5"
"Malaysia","2002","13.3 0.2"
"Malaysia","2001","0.2"
"Maldives","2019","5.9 0.1"
"Maldives","2017","8.9 0.1"
"Maldives","2016","9.8 0.1"
"Maldives","2015","10.1 0"
"Maldives","2014","12.9 0"
"Maldives","2013","12.3 0.1"
"Maldives","2012","13.9 0"
"Maldives","2011","15.2 0"
"Maldives","2010","15.4 0.1"
"Maldives","2009","17.6 0"
"Maldives","2008","0.1"
"Maldives","2007","0"
"Maldives","2006","0"
"Maldives","2004","0"
"Maldives","2003","0"
"Maldives","2002","0.2"
"Maldives","2001","27.3 0.1"
"Maldives","2000","0.3"
"Mali","2017","164 6.8"
"Mali","2016","164.5 8.5"
"Mali","2014","174 6"
"Mali","2013","181.4 9.8"
"Mali","2011","171.7 11.4"
"Mali","2010","177.5 17.1"
"Mali","2008","23.4"
"Mali","2006","189.6 16.9"
"Mali","2005","188 6.7"
"Mali","2004","190 9.3"
"Mali","2003","173.5 24.8"
"Mali","2002","14.6"
"Malta","2019","12 0.1"
"Malta","2018","12.1 0.1"
"Malta","2017","12.5 0.1"
"Malta","2016","12.6 0.3"
"Malta","2015","11.3 0.3"
"Malta","2014","12.9 0"
"Malta","2013","13.1 0.3"
"Malta","2012","16.7 0.3"
"Malta","2011","17.1 0"
"Malta","2010","18.9 0.4"
"Malta","2009","20 0.5"
"Malta","2008","18.6 0.7"
"Malta","2007","16.4 0.3"
"Malta","2006","16.4 0.3"
"Malta","2005","21.8 1.1"
"Malta","2004","1.6"
"Malta","2003","15.9 0.4"
"Malta","2002","0.3"
"Malta","2001","23.3 1.2"
"Malta","2000","1.3"
"Marshall Islands","2011","84.5"
"Marshall Islands","2010","82.2"
"Marshall Islands","2008","90.6"
"Marshall Islands","2005","127 0.1"
"Marshall Islands","2004","0.7"
"Marshall Islands","2003","1.1"
"Marshall Islands","2002","1.2"
"Mauritania","2014","84 8.4"
"Mauritania","2013","91.4 9.4"
"Mauritania","2012","77"
"Mauritania","2011","71 11.1"
"Mauritania","2010","90.7 10.8"
"Mauritania","2009","95.1 7.6"
"Mauritania","2008","125.3 12.7"
"Mauritania","2007","102.6 8.9"
"Mauritania","2005","109.8 16.6"
"Mauritania","2004","125.9 18"
"Mauritania","2003","17.9"
"Mauritania","2002","82.6 4"
"Mauritius","2020","23.7 0.6"
"Mauritius","2019","23.2 0.8"
"Mauritius","2018","24 0.7"
"Mauritius","2017","23.8 0.7"
"Mauritius","2016","24.1 0.6"
"Mauritius","2015","23.8 0.6"
"Mauritius","2014","24.5 0.6"
"Mauritius","2013","26.4 0.6"
"Mauritius","2012","29.6 0.4"
"Mauritius","2011","29.9 0.5"
"Mauritius","2010","31 0.5"
"Mauritius","2009","32.9 0.8"
"Mauritius","2008","34.5 0.8"
"Mauritius","2007","35.9 0.8"
"Mauritius","2006","34.5 0.5"
"Mauritius","2005","35.1 0.5"
"Mauritius","2004","37.7 0"
"Mauritius","2003","35.9 0.5"
"Mauritius","2002","35.5 0.7"
"Mauritius","2001","34.4 0.6"
"Mauritius","2000","0.7"
"Mexico","2019","0.8"
"Mexico","2018","70.5 1.1"
"Mexico","2017","62 1.2"
"Mexico","2016","62.5 1.2"
"Mexico","2015","65.4 1.3"
"Mexico","2014","62.7 1.6"
"Mexico","2013","76.1 1.6"
"Mexico","2012","77 1.7"
"Mexico","2011","77 1.6"
"Mexico","2010","74.9 1.7"
"Mexico","2009","74.5 1.8"
"Mexico","2008","75.2 1.7"
"Mexico","2007","69.5 1.6"
"Mexico","2006","74.9 1.6"
"Mexico","2005","75.8 1.6"
"Mexico","2004","64.8 1.6"
"Mexico","2003","84 1.5"
"Mexico","2002","87.7 1.6"
"Mexico","2001","90.3 1.7"
"Mexico","2000","1.9"
"Micronesia (Federated States of)","2009","44"
"Micronesia (Federated States of)","2007","49.6"
"Micronesia (Federated States of)","2006","43.8 1.3"
"Micronesia (Federated States of)","2005","47.3 2.5"
"Micronesia (Federated States of)","2004","45.3 2.2"
"Micronesia (Federated States of)","2003","51.9 3"
"Micronesia (Federated States of)","2002","48.1 2.1"
"Micronesia (Federated States of)","2001","56.3 2.7"
"Micronesia (Federated States of)","2000","2.7"
"Mongolia","2020","26.9 0.1"
"Mongolia","2019","30.5 0"
"Mongolia","2018","32.6 0"
"Mongolia","2017","0"
"Mongolia","2016","0"
"Mongolia","2015","29.8 0"
"Mongolia","2014","26.7 0"
"Mongolia","2013","28.8 0"
"Mongolia","2012","0"
"Mongolia","2011","20.2 0.1"
"Mongolia","2010","18.9 0"
"Mongolia","2009","19.5 0.2"
"Mongolia","2008","20 0.2"
"Mongolia","2007","18.7 0"
"Mongolia","2006","0"
"Mongolia","2005","14.7 0.7"
"Mongolia","2004","18.3 0"
"Mongolia","2003","18.6 0"
"Mongolia","2002","0.1"
"Mongolia","2001","28.9 0"
"Mongolia","2000","0.1"
"Montenegro","2020","9.6 0.1"
"Montenegro","2019","11.4 0.1"
"Montenegro","2018","10 0"
"Montenegro","2017","10.3 0.1"
"Montenegro","2016","10.1 0.2"
"Montenegro","2015","11.2 0.1"
"Montenegro","2014","11.2 0.2"
"Montenegro","2013","12 0.2"
"Montenegro","2012","13.3 0"
"Montenegro","2011","14.3 0.3"
"Montenegro","2010","0.3"
"Montenegro","2009","22.8 0.5"
"Montenegro","2008","20.2 0.2"
"Montenegro","2007","17.6 0"
"Montenegro","2006","16.3 0"
"Montenegro","2005","16 0.1"
"Montenegro","2004","16.6 0.1"
"Montenegro","2003","17.8 0"
"Montenegro","2002","19.2"
"Montenegro","2001","17.9"
"Montenegro","2000","0"
"Morocco","2018","22.5 0"
"Morocco","2017","19"
"Morocco","2009","32.2 0.1"
"Morocco","2008","0.3"
"Morocco","2005","18"
"Morocco","2004","19.1"
"Morocco","2002","32.4 0.1"
"Morocco","2001","27.9 0.6"
"Morocco","2000","0.4"
"Mozambique","2017","5.5"
"Mozambique","2016","180 4.4"
"Mozambique","2015","177.8 9.7"
"Mozambique","2014","193.9 14.5"
"Mozambique","2013","180.2 12"
"Mozambique","2010","166.9 5.5"
"Mozambique","2009","166 5.8"
"Mozambique","2007","192.9 8.7"
"Mozambique","2006","184.6 8.8"
"Mozambique","2004","179.4 12.3"
"Mozambique","2002","178.7 9.9"
"Myanmar","2018","21.3 0.1"
"Myanmar","2016","28"
"Myanmar","2015","28"
"Myanmar","2014","36 0.8"
"Myanmar","2013","0.6"
"Myanmar","2011","0.7"
"Myanmar","2008","0.8"
"Myanmar","2007","16.7"
"Myanmar","2006","16.9"
"Myanmar","2005","18.5 1.3"
"Myanmar","2003","1.3"
"Myanmar","2002","1.3"
"Myanmar","2001","17.4"
"Namibia","2016","63.9"
"Namibia","2012","82 4"
"Namibia","2011","67.8 2.3"
"Namibia","2009","74.6 1.5"
"Namibia","2006","81.2 1.9"
"Namibia","2005","78 1.9"
"Namibia","2004","74 2.8"
"Namibia","2003","82.4 2.8"
"Namibia","2002","70.6 3.3"
"Nauru","2015","94"
"Nauru","2014","81"
"Nauru","2010","60.5"
"Nauru","2009","61.2 0"
"Nauru","2008","55.8 0"
"Nauru","2007","61.2 0"
"Nauru","2006","69 0"
"Nauru","2005","84"
"Nauru","2004","82.2"
"Nauru","2002","85.2 0"
"Nauru","2001","79.8 0"
"Nauru","2000","0"
"Nepal","2018","63 0.4"
"Nepal","2017","69 1.3"
"Nepal","2015","88.2 0.5"
"Nepal","2014","1.4"
"Nepal","2013","71"
"Nepal","2012","71.5 0.7"
"Nepal","2011","73.9 1.2"
"Nepal","2010","90"
"Nepal","2009","81 0.4"
"Nepal","2008","87 0.6"
"Nepal","2007","88.7 3.9"
"Nepal","2006","101.8 0.8"
"Nepal","2004","98 0.3"
"Nepal","2003","106 0.8"
"Nepal","2001","2"
"Netherlands","2019","2.5 0"
"Netherlands","2018","2.6 0"
"Netherlands","2017","2.9 0"
"Netherlands","2016","3 0"
"Netherlands","2015","3.2 0"
"Netherlands","2014","3.7 0"
"Netherlands","2013","3.9 0"
"Netherlands","2012","4.5 0"
"Netherlands","2011","4.8 0"
"Netherlands","2010","5.1 0"
"Netherlands","2009","5.3 0.1"
"Netherlands","2008","0"
"Netherlands","2007","3.8 0"
"Netherlands","2006","0"
"Netherlands","2005","5.8 0"
"Netherlands","2004","6.3 0"
"Netherlands","2003","7.1 0.1"
"Netherlands","2002","7.6 0.1"
"Netherlands","2001","7.8 0.1"
"Netherlands","2000","0.1"
"New Zealand","2020","12.6 0"
"New Zealand","2019","13.3 0"
"New Zealand","2018","13.8 0.1"
"New Zealand","2017","14.9 0.1"
"New Zealand","2016","16 0.1"
"New Zealand","2015","18.5 0.2"
"New Zealand","2014","19 0.2"
"New Zealand","2013","21.5 0.1"
"New Zealand","2012","24.6 0.1"
"New Zealand","2011","25.8 0.2"
"New Zealand","2010","29 0.2"
"New Zealand","2009","29.6 0.2"
"New Zealand","2008","33.1 0.3"
"New Zealand","2007","31.4 0.3"
"New Zealand","2006","28.1 0.2"
"New Zealand","2005","27.2 0.2"
"New Zealand","2004","27.1 0.2"
"New Zealand","2003","25.9 0.2"
"New Zealand","2002","25.5 0.2"
"New Zealand","2001","27.5 0.2"
"New Zealand","2000","0.2"
"Nicaragua","2018","102.6"
"Nicaragua","2017","106.4"
"Nicaragua","2010","110.1 5"
"Nicaragua","2009","92 5.1"
"Nicaragua","2008","99.7 4.6"
"Nicaragua","2007","104.7 4.7"
"Nicaragua","2006","102.3 4.4"
"Nicaragua","2005","106 4.1"
"Nicaragua","2004","108.5 4.5"
"Nicaragua","2003","3.5"
"Nicaragua","2002","111.8 6.1"
"Nicaragua","2001","104.5 3.4"
"Nicaragua","2000","3.3"
"Niger","2020","4"
"Niger","2016","154"
"Niger","2015","146"
"Niger","2014","168"
"Niger","2012","210"
"Niger","2010","206.1 5.7"
"Niger","2009","210 8.9"
"Niger","2007","230 17"
"Niger","2004","199.1 7.2"
"Niger","2003","198.9 10.1"
"Niger","2001","152.5 14.7"
"Nigeria","2017","106 2"
"Nigeria","2016","117.8 2.4"
"Nigeria","2015","120"
"Nigeria","2014","145.1 13.6"
"Nigeria","2013","149.9 14.7"
"Nigeria","2011","121.7 3"
"Nigeria","2010","113 4.1"
"Nigeria","2009","134 10.6"
"Nigeria","2008","144.3 13.4"
"Nigeria","2007","121.2 5.4"
"Nigeria","2006","123 5.8"
"Nigeria","2005","12.2"
"Nigeria","2004","125.6 8.9"
"Nigeria","2003","34.2"
"Nigeria","2002","140 14"
"Nigeria","2001","126.3 5.8"
"Niue","2011","20"
"Niue","2009","20"
"Niue","2004","45.5"
"Norway","2019","2.3 0"
"Norway","2018","2.6 0"
"Norway","2017","0"
"Norway","2016","3.9 0"
"Norway","2015","4.6 0"
"Norway","2014","5 0"
"Norway","2013","5.6 0"
"Norway","2012","6 0"
"Norway","2011","7.1 0"
"Norway","2010","8.4 0"
"Norway","2009","9.5 0"
"Norway","2008","9.3 0"
"Norway","2007","9.1 0"
"Norway","2006","8.7 0"
"Norway","2005","8.1 0"
"Norway","2004","8.2 0"
"Norway","2003","9.1 0"
"Norway","2002","10.1 0"
"Norway","2001","11 0.1"
"Norway","2000","0"
"Oman","2020","7.5 0.1"
"Oman","2019","0"
"Oman","2018","11.7 0"
"Oman","2017","12.8 0"
"Oman","2016","13.5 0"
"Oman","2015","14.5 0"
"Oman","2014","14.1 0"
"Oman","2013","0"
"Oman","2012","11.9 0"
"Oman","2011","12 0"
"Oman","2010","12.4 0"
"Oman","2009","0"
"Oman","2008","8.1 0"
"Oman","2007","7.6 0.3"
"Oman","2006","7.4 0.2"
"Oman","2003","10.9"
"Oman","2001","21.1"
"Pakistan","2017","54"
"Pakistan","2016","46 0.4"
"Pakistan","2015","47 0.6"
"Pakistan","2013","49.9 1.2"
"Pakistan","2011","44.3 0"
"Pakistan","2010","48.1 0.4"
"Pakistan","2009","49"
"Pakistan","2008","56.3 0.7"
"Pakistan","2007","1.4"
"Pakistan","2005","51.1 0.6"
"Pakistan","2004","0.8"
"Pakistan","2002","1.6"
"Palau","2017","33.8"
"Palau","2016","0"
"Palau","2015","27 0"
"Palau","2014","0"
"Palau","2013","40.7 0"
"Palau","2012","34 0"
"Palau","2010","26"
"Palau","2005","0"
"Palau","2004","24 0"
"Palau","2003","31 0"
"Palau","2002","0"
"Palau","2001","23 0"
"Palau","2000","0.2"
"Panama","2019","67.8 2.6"
"Panama","2018","74.1 2.9"
"Panama","2017","75.9 2.9"
"Panama","2016","79.2 2.9"
"Panama","2015","84.3 3.5"
"Panama","2014","86 3.9"
"Panama","2013","91.1 3.9"
"Panama","2012","81 3.4"
"Panama","2011","88.7 3.8"
"Panama","2010","82 3.6"
"Panama","2009","84.7 3.7"
"Panama","2008","83.2 3.2"
"Panama","2007","80.4 3.4"
"Panama","2006","84.8 3.2"
"Panama","2005","83.8 3.2"
"Panama","2004","84.9"
"Panama","2003","77.5 3.2"
"Panama","2002","84.3 3.1"
"Panama","2001","89.3"
"Panama","2000","3.5"
"Papua New Guinea","2016","68 1.1"
"Papua New Guinea","2015","76.7 1"
"Papua New Guinea","2013","88.2 1.7"
"Papua New Guinea","2010","5.6"
"Papua New Guinea","2007","87.7 5.7"
"Papua New Guinea","2005","7.3"
"Papua New Guinea","2004","65 8.1"
"Paraguay","2016","0.7"
"Paraguay","2015","72 3.2"
"Paraguay","2014","76 3"
"Paraguay","2012","82.5 3.3"
"Paraguay","2009","75 3.5"
"Paraguay","2008","61.8 1.6"
"Paraguay","2007","63 0.4"
"Paraguay","2006","61.7 0.6"
"Paraguay","2004","0.8"
"Paraguay","2003","4.4"
"Paraguay","2002","65 1.9"
"Peru","2020","0.8"
"Peru","2019","49.7 1.8"
"Peru","2018","44.4 1.1"
"Peru","2017","44 1.1"
"Peru","2016","53 1"
"Peru","2015","1.1"
"Peru","2014","1.1"
"Peru","2013","65 0.8"
"Peru","2012","65 1.1"
"Peru","2011","64.2 1.5"
"Peru","2010","61.1 0.9"
"Peru","2009","68.4 2"
"Peru","2008","67.4 1.3"
"Peru","2007","69 1.6"
"Peru","2006","63 1.2"
"Peru","2005","64 1.3"
"Peru","2004","2.1"
"Peru","2003","59 1.5"
"Peru","2002","1.2"
"Peru","2001","36.4 0.7"
"Peru","2000","0.7"
"Philippines","2019","35.6 0.5"
"Philippines","2018","36.4 0.4"
"Philippines","2017","39 0.4"
"Philippines","2016","46.9 0.1"
"Philippines","2015","0.8"
"Philippines","2014","0.4"
"Philippines","2013","63 1.4"
"Philippines","2012","57.1 0.8"
"Philippines","2011","59 0.6"
"Philippines","2010","0.8"
"Philippines","2009","62.9 0.9"
"Philippines","2007","54.3 0.4"
"Philippines","2006","53 0.5"
"Philippines","2005","54.1 1.2"
"Philippines","2004","50.1 0.4"
"Philippines","2003","57 0.8"
"Philippines","2002","52.5 0.3"
"Philippines","2001","0.2"
"Philippines","2000","0.2"
"Poland","2019","9.4 0"
"Poland","2018","10.3 0"
"Poland","2017","11.1 0"
"Poland","2016","12 0.1"
"Poland","2015","12.3 0.1"
"Poland","2014","13.1 0.1"
"Poland","2013","13.7 0.1"
"Poland","2012","14.2 0.1"
"Poland","2011","14 0.1"
"Poland","2010","15.3 0.1"
"Poland","2009","16.3 0.1"
"Poland","2008","16.2 0.1"
"Poland","2007","14.7 0.1"
"Poland","2006","13.9 0.1"
"Poland","2005","13.5 0.1"
"Poland","2004","13.8 0"
"Poland","2003","14.5 0.1"
"Poland","2002","15.2 0.1"
"Poland","2001","15.8 0.1"
"Poland","2000","0.1"
"Portugal","2019","7.6 0.1"
"Portugal","2018","7.3 0.2"
"Portugal","2017","8 0.3"
"Portugal","2016","7.9 0.3"
"Portugal","2015","8.3 0.3"
"Portugal","2014","9.1 0.3"
"Portugal","2013","10.4 0.3"
"Portugal","2012","11.9 0.3"
"Portugal","2011","13.1 0.4"
"Portugal","2010","14.3 0.3"
"Portugal","2009","15.2 0.4"
"Portugal","2008","15.9 0.5"
"Portugal","2007","16.8 0.4"
"Portugal","2006","17 0.4"
"Portugal","2005","18.9 0.4"
"Portugal","2004","19.5 0.4"
"Portugal","2003","19.9 0.5"
"Portugal","2002","20.9 0.5"
"Portugal","2001","20.5 0.5"
"Portugal","2000","0.7"
"Qatar","2019","7.2 0"
"Qatar","2018","7.2 0"
"Qatar","2017","8.5 0"
"Qatar","2016","10.3 0"
"Qatar","2015","10.5 0"
"Qatar","2014","9.7 0"
"Qatar","2013","10.1 0"
"Qatar","2012","12.7 0"
"Qatar","2011","14.7"
"Qatar","2010","15.2 0"
"Qatar","2009","14.8 0"
"Qatar","2008","13.8 0"
"Qatar","2007","15.9 0"
"Qatar","2006","14 0"
"Qatar","2005","14.6 0"
"Qatar","2004","16.8 0"
"Qatar","2003","16.9 0"
"Qatar","2002","19.9 0"
"Qatar","2001","17.5 0"
"Qatar","2000","0"
"Republic of Korea","2019","0.9 0"
"Republic of Korea","2018","0.9 0"
"Republic of Korea","2017","1 0"
"Republic of Korea","2016","1.3 0"
"Republic of Korea","2015","1.4 0"
"Republic of Korea","2014","1.6 0"
"Republic of Korea","2013","1.7 0"
"Republic of Korea","2012","1.8 0"
"Republic of Korea","2011","1.8 0"
"Republic of Korea","2010","1.8 0"
"Republic of Korea","2009","1.7 0"
"Republic of Korea","2008","1.7 0"
"Republic of Korea","2007","2.2 0"
"Republic of Korea","2006","2.2 0"
"Republic of Korea","2005","2.1 0"
"Republic of Korea","2004","2.3 0"
"Republic of Korea","2003","2.5 0.1"
"Republic of Korea","2002","2.6 0.1"
"Republic of Korea","2001","2.2 0"
"Republic of Korea","2000","0"
"Republic of Moldova","2020","18.4 0.1"
"Republic of Moldova","2019","19.2 0.1"
"Republic of Moldova","2018","21.4 0"
"Republic of Moldova","2017","21.7 0.1"
"Republic of Moldova","2016","23.8 0.1"
"Republic of Moldova","2014","26.7"
"Republic of Moldova","2013","25.4"
"Republic of Moldova","2012","25.1 0.1"
"Republic of Moldova","2011","25.7 0.1"
"Republic of Moldova","2010","26.7 0.1"
"Republic of Moldova","2009","27 0.1"
"Republic of Moldova","2008","26 0"
"Republic of Moldova","2007","26 0.1"
"Republic of Moldova","2006","28.7 0"
"Republic of Moldova","2005","29"
"Republic of Moldova","2004","33.6 0"
"Republic of Moldova","2003","29.2 0"
"Republic of Moldova","2002","30.2 0.1"
"Republic of Moldova","2001","33.6 0.3"
"Republic of Moldova","2000","0.1"
"North Macedonia","2019","15.6 0.3"
"North Macedonia","2018","15.1 0.3"
"North Macedonia","2017","15.5 0.4"
"North Macedonia","2016","16 0.5"
"North Macedonia","2015","16.2 0.2"
"North Macedonia","2014","17.7 0.5"
"North Macedonia","2013","16.8 0.4"
"North Macedonia","2012","18.6 0.4"
"North Macedonia","2011","17.6 0.4"
"North Macedonia","2010","19 0.4"
"North Macedonia","2009","19.3 0.5"
"North Macedonia","2008","19.2 0.3"
"North Macedonia","2007","20.1 0.3"
"North Macedonia","2006","19.8 0.4"
"North Macedonia","2005","21.3 0.3"
"North Macedonia","2004","22.4 0.3"
"North Macedonia","2003","25 0.3"
"North Macedonia","2002","24.9 0.4"
"North Macedonia","2001","26 0.5"
"North Macedonia","2000","0.4"
"Romania","2019","37.2 1.4"
"Romania","2018","36.4 1.4"
"Romania","2017","38.1 1.5"
"Romania","2016","36.5 1.4"
"Romania","2015","35.3 1.4"
"Romania","2014","35.3 1.4"
"Romania","2013","33.8 1.4"
"Romania","2012","37 1.5"
"Romania","2011","37.4 1.4"
"Romania","2010","40 1.4"
"Romania","2009","45.8 1.4"
"Romania","2008","45 1.2"
"Romania","2007","39.4 0.9"
"Romania","2006","39.3 0.8"
"Romania","2005","37.4 0.7"
"Romania","2004","36.1 0.8"
"Romania","2003","34.9 0.7"
"Romania","2002","33 0.7"
"Romania","2001","35.6 0.8"
"Romania","2000","0.6"
"Russian Federation","2018","16.2 0.1"
"Russian Federation","2017","18.5 0.1"
"Russian Federation","2016","21.5 0.1"
"Russian Federation","2015","24 0.1"
"Russian Federation","2014","26 0.2"
"Russian Federation","2013","26.6 0.2"
"Russian Federation","2012","27.3 0.2"
"Russian Federation","2011","26.7 0.2"
"Russian Federation","2010","27 0.2"
"Russian Federation","2009","28.7 0.2"
"Russian Federation","2008","29.3 0.2"
"Russian Federation","2007","28.3 0.2"
"Russian Federation","2006","28.2 0.1"
"Russian Federation","2005","27.5 0.2"
"Russian Federation","2004","28.2 0.1"
"Russian Federation","2003","27.6 0.1"
"Russian Federation","2002","27.4 0.1"
"Russian Federation","2001","27.3 0.1"
"Russian Federation","2000","0.1"
"Rwanda","2018","31.8 0.3"
"Rwanda","2017","35.2 0.3"
"Rwanda","2016","41 0"
"Rwanda","2015","43.5 0.3"
"Rwanda","2014","45"
"Rwanda","2013","44.7 0.8"
"Rwanda","2012","43.7 0.4"
"Rwanda","2011","49 0.1"
"Rwanda","2010","47.1 0.2"
"Rwanda","2009","41 0"
"Rwanda","2008","41 0.2"
"Rwanda","2007","40.3 0.2"
"Rwanda","2006","40 0.4"
"Rwanda","2005","43 0.4"
"Rwanda","2004","42.4 0.5"
"Rwanda","2003","42 0"
"Rwanda","2002","40 0.4"
"Rwanda","2001","0.9"
"Saint Kitts and Nevis","2007","46.1"
"Saint Kitts and Nevis","2001","74.1"
"Saint Kitts and Nevis","2000","0.5"
"Saint Lucia","2020","25.3"
"Saint Lucia","2019","28.5"
"Saint Lucia","2018","31.1"
"Saint Lucia","2017","29.8"
"Saint Lucia","2016","32.1"
"Saint Lucia","2015","36.8"
"Saint Lucia","2014","42.3 0.9"
"Saint Lucia","2013","37.7 0.8"
"Saint Lucia","2012","37.5"
"Saint Lucia","2011","38.8"
"Saint Lucia","2010","39.7"
"Saint Lucia","2009","43.6"
"Saint Lucia","2008","45.3 0.6"
"Saint Lucia","2007","52 0.1"
"Saint Lucia","2006","47.6"
"Saint Lucia","2005","50.7 0.8"
"Saint Lucia","2004","57.8 0.9"
"Saint Lucia","2003","57.8"
"Saint Lucia","2002","63.4 0"
"Saint Lucia","2001","1.9"
"Saint Lucia","2000","0"
"Saint Vincent and the Grenadines","2019","47.2 0.7"
"Saint Vincent and the Grenadines","2018","48.3 1.4"
"Saint Vincent and the Grenadines","2017","52.3 2.6"
"Saint Vincent and the Grenadines","2016","54.6 2.1"
"Saint Vincent and the Grenadines","2015","57 1.1"
"Saint Vincent and the Grenadines","2014","66.5 2.2"
"Saint Vincent and the Grenadines","2013","63.4 1.1"
"Saint Vincent and the Grenadines","2012","67 1.5"
"Saint Vincent and the Grenadines","2011","64.1 1.5"
"Saint Vincent and the Grenadines","2010","67.4 2.4"
"Saint Vincent and the Grenadines","2009","72.7 1.8"
"Saint Vincent and the Grenadines","2008","66.4 1.5"
"Saint Vincent and the Grenadines","2005","63 3.3"
"Saint Vincent and the Grenadines","2004","65 1.5"
"Saint Vincent and the Grenadines","2003","71.5 1.8"
"Saint Vincent and the Grenadines","2002","75.1 2.3"
"Saint Vincent and the Grenadines","2001","72.3 2.7"
"Saint Vincent and the Grenadines","2000","1.8"
"Samoa","2018","54.9 0.4"
"Samoa","2017","0.2"
"Samoa","2015","63 0.1"
"Samoa","2012","0.2"
"Samoa","2011","39.2"
"Samoa","2009","49.6 0.9"
"Samoa","2008","44"
"Samoa","2007","44 0.8"
"Samoa","2006","1"
"Samoa","2003","46.3 1.9"
"Samoa","2002","1.9"
"San Marino","2012","0"
"San Marino","2011","1.4"
"San Marino","2004","0.3"
"San Marino","2003","0.3"
"Sao Tome and Principe","2018","86.1 0.4"
"Sao Tome and Principe","2017","86 1.1"
"Sao Tome and Principe","2015","107.9 1.1"
"Sao Tome and Principe","2014","92"
"Sao Tome and Principe","2013","92 1.4"
"Sao Tome and Principe","2012","112 1.3"
"Sao Tome and Principe","2010","1.6"
"Sao Tome and Principe","2009","3.1"
"Sao Tome and Principe","2007","93 1.6"
"Sao Tome and Principe","2006","110 1.8"
"Sao Tome and Principe","2004","128.7 1.5"
"Sao Tome and Principe","2003","133.4 5.1"
"Saudi Arabia","2010","8.2"
"Saudi Arabia","2009","8.7"
"Saudi Arabia","2007","7.4"
"Saudi Arabia","2005","0"
"Saudi Arabia","2004","14.7"
"Saudi Arabia","2000","0"
"Senegal","2018","71.3 0.9"
"Senegal","2017","68 0.9"
"Senegal","2016","77.5 0.9"
"Senegal","2015","78.5 1.5"
"Senegal","2014","72.5 1.7"
"Senegal","2013","80.2 1.5"
"Senegal","2012","89.9 0.5"
"Senegal","2011","79.7 1"
"Senegal","2010","83.1 1.9"
"Senegal","2009","92.7 3.7"
"Senegal","2008","96 7.1"
"Senegal","2007","90.4 2.8"
"Senegal","2006","96 4.9"
"Senegal","2005","93.2 2.8"
"Senegal","2004","91.5 5.1"
"Senegal","2003","100.7 4.8"
"Senegal","2002","116.2 3.9"
"Senegal","2001","102 3.9"
"Serbia","2019","12 0.3"
"Serbia","2018","14 0.3"
"Serbia","2017","15.2 0.3"
"Serbia","2016","15.4 0.3"
"Serbia","2015","16.4 0.2"
"Serbia","2014","17.9 0.3"
"Serbia","2013","18.1 0.3"
"Serbia","2012","19.2 0.4"
"Serbia","2011","19 0.3"
"Serbia","2010","19 0.3"
"Serbia","2009","21.5 0.4"
"Serbia","2008","22 0.3"
"Serbia","2007","22.3 0.3"
"Serbia","2006","22.8 0.3"
"Serbia","2005","23.9 0.3"
"Serbia","2004","24.6 0.2"
"Serbia","2003","25.3 0.2"
"Serbia","2002","25.2 0.3"
"Serbia","2001","0.3"
"Serbia","2000","1.3"
"Seychelles","2020","1.1"
"Seychelles","2019","2.5"
"Seychelles","2018","68.3 1.5"
"Seychelles","2017","64.4 0.9"
"Seychelles","2016","65.3 0.9"
"Seychelles","2015","58.3 1.6"
"Seychelles","2014","56.1 1.6"
"Seychelles","2013","62 0.9"
"Seychelles","2012","64 1"
"Seychelles","2011","69.7 1"
"Seychelles","2010","56.9 1"
"Seychelles","2009","68.4 1"
"Seychelles","2008","59.3 1"
"Seychelles","2007","58.6 2"
"Seychelles","2006","54 1"
"Seychelles","2005","59 1"
"Seychelles","2004","54 0"
"Seychelles","2003","60 1"
"Seychelles","2002","57 1"
"Seychelles","2001","59 1"
"Seychelles","2000","1"
"Sierra Leone","2018","102 3.9"
"Sierra Leone","2017","103.6 4.4"
"Sierra Leone","2016","3.3"
"Sierra Leone","2015","139.4 8.5"
"Sierra Leone","2014","137.6 11.2"
"Sierra Leone","2013","118.3 10"
"Sierra Leone","2012","125.1 4.7"
"Sierra Leone","2011","131 5.9"
"Sierra Leone","2010","122 17.4"
"Sierra Leone","2009","122 10.7"
"Sierra Leone","2008","118.3"
"Sierra Leone","2007","124.3 22.5"
"Sierra Leone","2006","145.9 14.9"
"Sierra Leone","2005","11.2"
"Sierra Leone","2004","103.2 24.8"
"Sierra Leone","2003","113.3 16.4"
"Sierra Leone","2002","113.3"
"Sierra Leone","2001","137"
"Singapore","2019","2.1 0"
"Singapore","2018","2.5 0"
"Singapore","2017","2.6 0.1"
"Singapore","2016","2.7 0.1"
"Singapore","2015","2.7 0.1"
"Singapore","2014","3.3 0"
"Singapore","2013","3.8 0"
"Singapore","2012","4.3 0.1"
"Singapore","2011","4.7 0.1"
"Singapore","2010","4.8 0"
"Singapore","2009","5 0.1"
"Singapore","2008","6.1 0.1"
"Singapore","2007","6.1 0.1"
"Singapore","2006","6.6 0.1"
"Singapore","2005","7.2"
"Singapore","2004","6.6"
"Singapore","2003","6.7"
"Singapore","2002","8"
"Singapore","2001","8.4"
"Slovakia","2019","26.9 0.3"
"Slovakia","2018","26.3 0.3"
"Slovakia","2017","26.8 0.3"
"Slovakia","2016","26.2 0.4"
"Slovakia","2015","24.3 0.4"
"Slovakia","2014","23.7 0.6"
"Slovakia","2013","22 0.5"
"Slovakia","2012","21.6 0.6"
"Slovakia","2011","22 0.5"
"Slovakia","2010","23 0.5"
"Slovakia","2009","21.9 0.3"
"Slovakia","2008","21.6 0.4"
"Slovakia","2007","20.7 0.4"
"Slovakia","2006","20.3 0.3"
"Slovakia","2005","20.3 0.3"
"Slovakia","2004","20.3 0.3"
"Slovakia","2003","20.5 0.3"
"Slovakia","2002","21.1 0.3"
"Slovakia","2001","21.2 0.3"
"Slovakia","2000","0.3"
"Slovenia","2020","4.3 0.1"
"Slovenia","2019","4.6 0.1"
"Slovenia","2018","3.8 0"
"Slovenia","2017","4.1 0.1"
"Slovenia","2016","4.1 0.1"
"Slovenia","2015","4.5 0.1"
"Slovenia","2014","5 0"
"Slovenia","2013","4.6 0.1"
"Slovenia","2012","4.5 0.1"
"Slovenia","2011","5.2 0"
"Slovenia","2010","4.9 0"
"Slovenia","2009","5.4 0"
"Slovenia","2008","5.1 0.1"
"Slovenia","2007","5.1 0"
"Slovenia","2006","4.7 0"
"Slovenia","2005","6.1 0.1"
"Slovenia","2004","5.3 0"
"Slovenia","2003","5.8 0.1"
"Slovenia","2002","5.9 0.1"
"Slovenia","2001","6.7 0"
"Slovenia","2000","0"
"Solomon Islands","2013","78"
"Solomon Islands","2009","61.6"
"Solomon Islands","2007","64.3"
"Solomon Islands","2005","67"
"Somalia","2017","118 1.2"
"Somalia","2016","128.1 2.4"
"Somalia","2014","156.9 4.2"
"Somalia","2011","4.8"
"Somalia","2009","87.2"
"Somalia","2008","137.5 8.2"
"Somalia","2006","140.9 8.6"
"Somalia","2005","123 1.8"
"Somalia","2004","130 2.2"
"Somalia","2002","3.9"
"South Africa","2019","43.9 1.2"
"South Africa","2018","37.5 0.5"
"South Africa","2017","40.9 0.5"
"South Africa","2016","0.8"
"South Africa","2015","71.1 1.3"
"South Africa","2014","76.8 1"
"South Africa","2012","1"
"South Africa","2011","0.5"
"South Africa","2010","0.4"
"South Africa","2009","3.4"
"South Africa","2008","0"
"South Africa","2007","0.4"
"South Africa","2006","1.9"
"South Africa","2005","0.2"
"South Africa","2004","75.6 1.6"
"South Africa","2003","68.4 2.5"
"South Africa","2002","55"
"South Sudan","2008","158.1 6.4"
"South Sudan","2007","8.3"
"South Sudan","2005","160.7 12.8"
"South Sudan","2002","21.7"
"Spain","2019","6 0.1"
"Spain","2018","6.2 0.1"
"Spain","2017","7.1 0.2"
"Spain","2016","7.2 0.2"
"Spain","2015","7.7 0.1"
"Spain","2014","8.1 0.2"
"Spain","2013","8.4 0.2"
"Spain","2012","9 0.2"
"Spain","2011","9.5 0.2"
"Spain","2010","10.6 0.2"
"Spain","2009","11.8 0.2"
"Spain","2008","13.3 0.3"
"Spain","2007","12.8 0.2"
"Spain","2006","12 0.3"
"Spain","2005","11.4 0.2"
"Spain","2004","10.7 0.2"
"Spain","2003","10.6 0.3"
"Spain","2002","9.9 0.2"
"Spain","2001","9.6 0.2"
"Spain","2000","0.2"
"Sri Lanka","2015","21 0"
"Sri Lanka","2014","22 0.1"
"Sri Lanka","2013","21.2 0.1"
"Sri Lanka","2012","22.2 0.1"
"Sri Lanka","2010","24.5 0.1"
"Sri Lanka","2009","23.6 0.2"
"Sri Lanka","2008","20.3 0.1"
"Sri Lanka","2007","22 0.1"
"Sri Lanka","2006","21.2 0.1"
"Sri Lanka","2005","23.9 0.1"
"Sri Lanka","2004","26 0.2"
"Sri Lanka","2003","27.5 0"
"Sri Lanka","2002","29.2 0"
"Sri Lanka","2001","30.6 0.1"
"Sri Lanka","2000","0.1"
"Sudan","2013","86.8 2.3"
"Sudan","2012","91 2.9"
"Sudan","2010","111.6 5.9"
"Sudan","2009","101.2 2.2"
"Sudan","2008","3.5"
"Sudan","2007","10.8"
"Sudan","2006","5.2"
"Sudan","2004","122.2 14.9"
"Sudan","2003","7.1"
"Suriname","2019","55.8 2"
"Suriname","2018","53.9 2.2"
"Suriname","2017","56.7 1.8"
"Suriname","2016","59.6 2.6"
"Suriname","2015","61.1 2.1"
"Suriname","2014","57.6 0"
"Suriname","2013","56.2 1.5"
"Suriname","2012","55.7 2.8"
"Suriname","2010","75.6 2.8"
"Suriname","2007","64.1 3.4"
"Suriname","2006","61 2.6"
"Suriname","2005","60.8 3.1"
"Suriname","2004","69.8 2.6"
"Suriname","2003","65.2 3.4"
"Suriname","2002","76.2 2.7"
"Suriname","2001","74.3 5.8"
"Suriname","2000","2.3"
"Sweden","2019","3.4 0"
"Sweden","2018","4.2 0"
"Sweden","2017","4.6 0"
"Sweden","2016","4.4 0"
"Sweden","2015","4.4 0"
"Sweden","2014","5 0"
"Sweden","2013","5.3 0"
"Sweden","2012","5.3 0"
"Sweden","2011","5.9 0"
"Sweden","2010","5.9 0.1"
"Sweden","2009","5.9 0"
"Sweden","2008","5.9 0"
"Sweden","2007","5.9 0"
"Sweden","2006","5.9 0.1"
"Sweden","2005","5.9 0"
"Sweden","2004","5.8 0.1"
"Sweden","2003","6 0"
"Sweden","2002","6.6 0"
"Sweden","2001","6.6 0"
"Sweden","2000","0.1"
"Switzerland","2019","2 0"
"Switzerland","2018","2.3 0"
"Switzerland","2017","2.4 0"
"Switzerland","2016","2.9 0"
"Switzerland","2015","2.6 0"
"Switzerland","2014","2.9 0.1"
"Switzerland","2013","3 0"
"Switzerland","2012","3.4 0"
"Switzerland","2011","3.3 0"
"Switzerland","2010","3.9 0"
"Switzerland","2009","4.1 0"
"Switzerland","2008","4.3 0"
"Switzerland","2007","4.3 0"
"Switzerland","2006","4.5 0"
"Switzerland","2005","5.1 0.1"
"Switzerland","2004","5.1 0"
"Switzerland","2003","5.2 0"
"Switzerland","2002","5.4 0"
"Switzerland","2001","5.4 0"
"Switzerland","2000","0"
"Syrian Arab Republic","2007","54"
"Syrian Arab Republic","2003","50"
"Syrian Arab Republic","2001","41.4"
"Tajikistan","2019","45.6 0"
"Tajikistan","2017","0"
"Tajikistan","2016","54.3 0"
"Tajikistan","2015","56 0"
"Tajikistan","2013","51.5 0"
"Tajikistan","2011","53.6 0.2"
"Tajikistan","2010","47 0.1"
"Tajikistan","2008","33.9 0"
"Tajikistan","2007","28.9 0"
"Tajikistan","2005","36 0.3"
"Tajikistan","2004","34.4 0"
"Tajikistan","2002","46.3 0"
"Thailand","2019","0"
"Thailand","2018","31.7 0"
"Thailand","2017","37.8 0"
"Thailand","2016","42.5 0"
"Thailand","2015","44.8 0"
"Thailand","2014","47.9"
"Thailand","2013","51.1"
"Thailand","2012","53.4"
"Thailand","2011","53.4"
"Thailand","2010","50.1"
"Thailand","2009","50.1"
"Thailand","2008","50.1"
"Thailand","2007","49.7"
"Thailand","2006","48.9"
"Thailand","2005","49.3"
"Thailand","2004","47.3"
"Thailand","2003","39.2"
"Thailand","2002","37.9"
"Thailand","2001","33.7"
"Timor-Leste","2015","41.9 0.4"
"Timor-Leste","2014","44.2 0.4"
"Timor-Leste","2012","47.7 0.5"
"Timor-Leste","2010","50"
"Timor-Leste","2009","58.7 0.6"
"Timor-Leste","2008","51.4 0.3"
"Timor-Leste","2007","54 0.6"
"Timor-Leste","2006","59.5 0.6"
"Timor-Leste","2005","59.3 1"
"Timor-Leste","2004","59.2 2.1"
"Timor-Leste","2003","61.1 3.1"
"Timor-Leste","2002","75 1.1"
"Togo","2016","79 1.5"
"Togo","2015","82.3 1.3"
"Togo","2013","98.6 3.1"
"Togo","2012","84.4 2.1"
"Togo","2011","2.7"
"Togo","2010","106 8.2"
"Togo","2009","88 3.4"
"Togo","2007","4.9"
"Togo","2006","4.6"
"Togo","2005","96.1 7"
"Togo","2004","95.5 10.3"
"Togo","2003","5"
"Tonga","2018","0"
"Tonga","2017","0"
"Tonga","2015","0"
"Tonga","2012","0"
"Tonga","2010","24"
"Tonga","2009","0"
"Tonga","2007","0"
"Tonga","2006","0"
"Tonga","2004","20"
"Tonga","2003","16.8 1.4"
"Tonga","2002","19.3 0"
"Tonga","2000","0.4"
"Trinidad and Tobago","2011","32"
"Trinidad and Tobago","2009","38 0.5"
"Trinidad and Tobago","2008","37.9"
"Trinidad and Tobago","2007","33.3"
"Trinidad and Tobago","2006","35.5 0.6"
"Trinidad and Tobago","2005","31.9 0.5"
"Trinidad and Tobago","2004","35.2 0.6"
"Trinidad and Tobago","2003","34.5"
"Trinidad and Tobago","2002","34.6 0"
"Trinidad and Tobago","2001","38.3 0"
"Trinidad and Tobago","2000","0"
"Tunisia","2019","6.3 0"
"Tunisia","2018","6.7 0"
"Tunisia","2017","7 0"
"Tunisia","2016","8.5 0"
"Tunisia","2015","9.2 0"
"Tunisia","2014","8.9 0"
"Tunisia","2013","0"
"Tunisia","2012","7.3 0"
"Tunisia","2011","0"
"Tunisia","2010","0"
"Tunisia","2009","4.3 0"
"Tunisia","2008","5.6 0"
"Tunisia","2007","6 0"
"Tunisia","2006","6 0"
"Tunisia","2005","5.8 0.1"
"Tunisia","2004","6.1 0"
"Tunisia","2003","5.9 0"
"Tunisia","2002","6 0"
"Tunisia","2001","6.4 0.2"
"Türkiye","2020","14.7 0"
"Türkiye","2019","16.8 0.1"
"Türkiye","2018","19.2 0.1"
"Türkiye","2017","20.9 0.1"
"Türkiye","2016","22.9 0.1"
"Türkiye","2015","24.9 0.1"
"Türkiye","2014","26.9 0.1"
"Türkiye","2013","28 0.1"
"Türkiye","2012","29.6 0.1"
"Türkiye","2011","30.8 0.1"
"Türkiye","2010","32 0.1"
"Türkiye","2009","36.8 0.3"
"Türkiye","2008","35.9 0.1"
"Türkiye","2007","37.7 0.1"
"Türkiye","2006","38 0.3"
"Türkiye","2005","41 0.3"
"Türkiye","2004","40 0.3"
"Türkiye","2003","40"
"Türkiye","2002","46.2 0.2"
"Turkmenistan","2018","22.4 0"
"Turkmenistan","2017","22 0"
"Turkmenistan","2015","0"
"Turkmenistan","2014","28"
"Turkmenistan","2012","29.5 0"
"Turkmenistan","2009","25.4 0"
"Turkmenistan","2007","22.7 0"
"Turkmenistan","2006","21 0"
"Turkmenistan","2005","20.6"
"Turkmenistan","2004","19.8"
"Turkmenistan","2003","22.2 0"
"Turkmenistan","2002","22.3"
"Turkmenistan","2001","24.1"
"Tuvalu","2018","43.8 0"
"Tuvalu","2017","0"
"Tuvalu","2016","0"
"Tuvalu","2015","39.8 0"
"Tuvalu","2014","33.2 0.4"
"Tuvalu","2013","0.4"
"Tuvalu","2012","2.6"
"Tuvalu","2009","44.2 0"
"Tuvalu","2007","42 0"
"Tuvalu","2006","37.2 0"
"Tuvalu","2005","0.4"
"Tuvalu","2003","39.4 4.3"
"Tuvalu","2002","2.7"
"Tuvalu","2001","0"
"Tuvalu","2000","0"
"Uganda","2018","127.9"
"Uganda","2017","111.4 1.1"
"Uganda","2016","113.5 2.3"
"Uganda","2015","131.5 2"
"Uganda","2014","133.8 2.4"
"Uganda","2013","141.4 0.6"
"Uganda","2012","143.7 2.6"
"Uganda","2010","134.5 1.2"
"Uganda","2009","146 2.6"
"Uganda","2008","151.4 0.8"
"Uganda","2007","160.6 1.2"
"Uganda","2006","159.7 10"
"Uganda","2005","152.2 1.8"
"Uganda","2004","159 2.4"
"Uganda","2003","162.5 13.9"
"Uganda","2002","5.2"
"Ukraine","2019","14.7 0.1"
"Ukraine","2018","18 0.2"
"Ukraine","2017","19.1 0.2"
"Ukraine","2016","23.2 0.2"
"Ukraine","2015","25 0.2"
"Ukraine","2014","26.1 0.1"
"Ukraine","2013","27.2 0.3"
"Ukraine","2012","28.5 0.3"
"Ukraine","2011","28.1 0.2"
"Ukraine","2010","28.8 0.2"
"Ukraine","2009","31.2 0.1"
"Ukraine","2008","32 0.1"
"Ukraine","2007","30.1 0.1"
"Ukraine","2006","30.5 0.1"
"Ukraine","2005","28.6 0.1"
"Ukraine","2004","29.6 0.1"
"Ukraine","2003","29 0.1"
"Ukraine","2002","29.2 0.1"
"Ukraine","2001","29.2 0.1"
"Ukraine","2000","0.1"
"United Arab Emirates","2019","3.7 0"
"United Arab Emirates","2018","0"
"United Arab Emirates","2017","6.4 0"
"United Arab Emirates","2016","7.9 0"
"United Arab Emirates","2009","34.2"
"United Arab Emirates","2008","32.3"
"United Arab Emirates","2007","33.9"
"United Arab Emirates","2006","33.1"
"United Arab Emirates","2004","21.9"
"United Arab Emirates","2003","21.7 0"
"United Arab Emirates","2002","20.3 0"
"United Arab Emirates","2001","19.9 0"
"United Arab Emirates","2000","0"
"United Kingdom of Great Britain and Northern Ireland","2019","10.9 0"
"United Kingdom of Great Britain and Northern Ireland","2018","11.9 0.1"
"United Kingdom of Great Britain and Northern Ireland","2017","12.4 0.1"
"United Kingdom of Great Britain and Northern Ireland","2016","13.7 0.1"
"United Kingdom of Great Britain and Northern Ireland","2015","14.4 0.1"
"United Kingdom of Great Britain and Northern Ireland","2014","15.5 0.1"
"United Kingdom of Great Britain and Northern Ireland","2013","17.3 0.1"
"United Kingdom of Great Britain and Northern Ireland","2012","19.8 0.2"
"United Kingdom of Great Britain and Northern Ireland","2011","21 0.2"
"United Kingdom of Great Britain and Northern Ireland","2010","23.2 0.2"
"United Kingdom of Great Britain and Northern Ireland","2009","24.6 0.2"
"United Kingdom of Great Britain and Northern Ireland","2008","25.6 0.2"
"United Kingdom of Great Britain and Northern Ireland","2007","25.7 0.2"
"United Kingdom of Great Britain and Northern Ireland","2006","26.2 0.2"
"United Kingdom of Great Britain and Northern Ireland","2005","26.1 0.2"
"United Kingdom of Great Britain and Northern Ireland","2004","26.6 0.2"
"United Kingdom of Great Britain and Northern Ireland","2003","26.6 0.2"
"United Kingdom of Great Britain and Northern Ireland","2002","26.8 0.3"
"United Kingdom of Great Britain and Northern Ireland","2001","27.7 0.3"
"United Kingdom of Great Britain and Northern Ireland","2000","0.3"
"United Republic of Tanzania","2016","138.9 1.5"
"United Republic of Tanzania","2015","131.5 2.4"
"United Republic of Tanzania","2014","132.3 0.6"
"United Republic of Tanzania","2013","0.9"
"United Republic of Tanzania","2012","95"
"United Republic of Tanzania","2011","114.9 2.5"
"United Republic of Tanzania","2010","123.4 0.8"
"United Republic of Tanzania","2009","121.5 1.2"
"United Republic of Tanzania","2008","116.2 2.3"
"United Republic of Tanzania","2007","128 2.1"
"United Republic of Tanzania","2006","141.2 1.4"
"United Republic of Tanzania","2005","141.6 2.4"
"United Republic of Tanzania","2004","138"
"United Republic of Tanzania","2003","132.5 1.5"
"United Republic of Tanzania","2002","113 5.4"
"United Republic of Tanzania","2001","137.6"
"United States of America","2019","16.7 0.3"
"United States of America","2018","17.4 0.3"
"United States of America","2017","18.6 0.3"
"United States of America","2016","20.1 0.4"
"United States of America","2015","22.3 0.4"
"United States of America","2014","24.2 0.5"
"United States of America","2013","26.5 0.5"
"United States of America","2012","29.4 0.6"
"United States of America","2011","31.3 0.7"
"United States of America","2010","34.2 0.7"
"United States of America","2009","37.9 0.8"
"United States of America","2008","40.2 0.9"
"United States of America","2007","41.5 1"
"United States of America","2006","41.1 1"
"United States of America","2005","39.7 1.1"
"United States of America","2004","40.5 1.1"
"United States of America","2003","41.1 1.1"
"United States of America","2002","42.6 1.2"
"United States of America","2001","45 1.3"
"United States of America","2000","1.4"
"Uruguay","2019","32.6 0.7"
"Uruguay","2018","35.8 0.6"
"Uruguay","2017","41.6"
"Uruguay","2016","50.3 1"
"Uruguay","2015","55.6 1"
"Uruguay","2014","58.7 1.4"
"Uruguay","2013","61.1 1.5"
"Uruguay","2012","59.5 1.4"
"Uruguay","2011","56.6 0"
"Uruguay","2010","58.7"
"Uruguay","2009","58"
"Uruguay","2008","60.2"
"Uruguay","2007","59 1.6"
"Uruguay","2006","61.9 1.6"
"Uruguay","2005","59.4 1.3"
"Uruguay","2004","58.7 1.4"
"Uruguay","2003","60 1.4"
"Uruguay","2002","65 1.6"
"Uruguay","2001","66.2 1.4"
"Uruguay","2000","1.6"
"Uzbekistan","2020","0"
"Uzbekistan","2019","0"
"Uzbekistan","2018","0"
"Uzbekistan","2017","18.9 0"
"Uzbekistan","2016","20.9 0"
"Uzbekistan","2015","23.8 0"
"Uzbekistan","2014","24.2 0"
"Uzbekistan","2013","23.7 0"
"Uzbekistan","2012","24.6 0"
"Uzbekistan","2011","24.3 0"
"Uzbekistan","2010","0"
"Uzbekistan","2009","0"
"Uzbekistan","2008","9.9 0"
"Uzbekistan","2007","0"
"Uzbekistan","2006","0"
"Uzbekistan","2005","9.1 0"
"Uzbekistan","2004","9.5 0"
"Uzbekistan","2003","12.4 0"
"Uzbekistan","2002","15.1 0"
"Uzbekistan","2001","17.3 0"
"Uzbekistan","2000","0"
"Vanuatu","2012","81"
"Vanuatu","2011","78"
"Vanuatu","2009","66"
"Vanuatu","2007","67.5"
"Venezuela (Bolivarian Republic of)","2017","83.8 3.2"
"Venezuela (Bolivarian Republic of)","2016","98.6 4.3"
"Venezuela (Bolivarian Republic of)","2015","95.5 4.9"
"Venezuela (Bolivarian Republic of)","2014","98 5.3"
"Venezuela (Bolivarian Republic of)","2013","98.6 5.2"
"Venezuela (Bolivarian Republic of)","2012","94.5 5.5"
"Venezuela (Bolivarian Republic of)","2011","95.2 5.7"
"Venezuela (Bolivarian Republic of)","2010","88.9 5.8"
"Venezuela (Bolivarian Republic of)","2009","89.4 5.8"
"Venezuela (Bolivarian Republic of)","2008","89.9"
"Venezuela (Bolivarian Republic of)","2007","90.5 5.6"
"Venezuela (Bolivarian Republic of)","2006","90.9 5.9"
"Venezuela (Bolivarian Republic of)","2005","91.3 5.6"
"Venezuela (Bolivarian Republic of)","2004","91.7"
"Venezuela (Bolivarian Republic of)","2003","92.1"
"Venezuela (Bolivarian Republic of)","2002","92.5 3.9"
"Venezuela (Bolivarian Republic of)","2001","92.9 4.1"
"Venezuela (Bolivarian Republic of)","2000","4.3"
"Viet Nam","2020","29"
"Viet Nam","2019","35"
"Viet Nam","2017","29"
"Viet Nam","2016","32"
"Viet Nam","2015","30"
"Viet Nam","2014","30.1"
"Viet Nam","2013","36"
"Viet Nam","2012","45.2 0"
"Viet Nam","2011","41.7 0.2"
"Viet Nam","2010","38"
"Viet Nam","2009","0.6"
"Viet Nam","2006","28 0.6"
"Viet Nam","2005","30"
"Viet Nam","2004","31"
"Viet Nam","2003","0"
"Viet Nam","2002","23"
"Viet Nam","2001","24"
"Yemen","2012","67.2 1"
"Yemen","2011","70.3 1.2"
"Yemen","2009","78.8 2.5"
"Yemen","2006","6.5"
"Yemen","2005","1.1"
"Yemen","2004","1"
"Yemen","2003","9.1"
"Yemen","2002","1.9"
"Yemen","2001","74.5"
"Zambia","2017","135 2.9"
"Zambia","2016","135.9 3.1"
"Zambia","2014","139 3.7"
"Zambia","2012","141.2 2.1"
"Zambia","2011","144.5 2.4"
"Zambia","2010","140.7"
"Zambia","2009","147.5 3.2"
"Zambia","2008","150.7 7.4"
"Zambia","2006","146.4 3"
"Zambia","2005","151 3.3"
"Zambia","2003","154.5 3.6"
"Zambia","2002","150.5 7.3"
"Zimbabwe","2017","107.9 1.1"
"Zimbabwe","2016","111 1.2"
"Zimbabwe","2014","110 1.7"
"Zimbabwe","2013","120 1"
"Zimbabwe","2012","119.7 0.6"
"Zimbabwe","2011","118.8 1"
"Zimbabwe","2009","114.6 1.6"
"Zimbabwe","2008","112 1.9"
"Zimbabwe","2007","102.6 1"
"Zimbabwe","2006","106 1.2"
"Zimbabwe","2005","3.1"
"Zimbabwe","2004","98.7 1.4"
"Zimbabwe","2003","101 1.7"
"Zimbabwe","2002","102.6 3.4"
"Zimbabwe","2001","2.6"
