"Countries, territories and areas","Year","Institutional Births (birth taken place in a facility) (%)"
"Afghanistan","2016-2018","56.3"
"Afghanistan","2011-2017","50.5"
"Afghanistan","2010-2015","48.1"
"Afghanistan","2008-2014","42.8"
"Afghanistan","2006-2012","36.0"
"Afghanistan","2008-2010","32.9"
"Afghanistan","2005-2010","32.4"
"Afghanistan","2001-2003","12.9"
"Albania","2012-2013","98.6"
"Albania","2003-2009","96.7"
"Albania","2003-2005","98.0"
"Albania","1997-2002","94.0"
"Algeria","2010-2013","96.8"
"Algeria","2004-2006","95.3"
"Algeria","1997-2002","90.2"
"Algeria","1995-2000","92.0"
"Algeria","1987-1992","76.0"
"Angola","2010-2016","45.6"
"Angola","2001-2007","45.8"
"Angola","1995-1996","15.7"
"Antigua and Barbuda","2017","100.0"
"Antigua and Barbuda","2014","100.0"
"Argentina","2018","99.1"
"Argentina","2017","97.7"
"Argentina","2016","99.3"
"Argentina","2015","99.5"
"Argentina","2014","99.6"
"Argentina","2013","99.6"
"Argentina","2012","99.6"
"Argentina","2011","99.5"
"Argentina","2010","99.4"
"Argentina","2009","99.4"
"Argentina","2008","99.4"
"Argentina","2007","99.3"
"Argentina","2006","99.2"
"Argentina","2005","99.1"
"Argentina","2004","99.0"
"Argentina","2003","98.7"
"Argentina","2002","98.6"
"Argentina","2001","98.4"
"Armenia","2010-2016","99.3"
"Armenia","2005-2010","99.4"
"Armenia","2000-2005","96.5"
"Armenia","1995-2000","91.3"
"Australia","2017","99.4"
"Australia","2016","98.8"
"Australia","2015","99.7"
"Australia","2014","99.7"
"Australia","2013","99.3"
"Australia","2012","99.2"
"Australia","2011","99.1"
"Australia","2010","99.1"
"Australia","2009","99.1"
"Australia","2008","99.1"
"Australia","2007","99.2"
"Australia","2006","99.3"
"Australia","2005","99.4"
"Australia","2004","99.3"
"Australia","2003","99.3"
"Australia","2002","99.3"
"Australia","2001","99.3"
"Australia","2000","99.3"
"Australia","1999","99.3"
"Australia","1998","99.3"
"Australia","1997","99.3"
"Australia","1996","99.3"
"Australia","1995","99.3"
"Australia","1994","99.4"
"Australia","1993","99.3"
"Australia","1992","99.3"
"Australia","1991","99.6"
"Austria","2018","98.4"
"Austria","2017","98.4"
"Austria","2016","98.4"
"Austria","2015","98.5"
"Austria","2014","98.5"
"Austria","2013","98.5"
"Austria","2012","98.5"
"Austria","2011","98.6"
"Austria","2010","98.5"
"Austria","2009","98.6"
"Austria","2008","98.6"
"Austria","2007","98.5"
"Austria","2006","98.6"
"Austria","2005","98.6"
"Austria","2004","98.4"
"Austria","2003","98.4"
"Austria","2002","98.4"
"Austria","2001","98.3"
"Austria","2000","98.3"
"Austria","1999","98.3"
"Austria","1998","98.3"
"Austria","1997","98.2"
"Austria","1996","98.2"
"Azerbaijan","2005-2011","93.1"
"Azerbaijan","2001-2006","77.7"
"Azerbaijan","1996-2001","73.1"
"Bahamas","2016","99.0"
"Bahamas","2015","99.0"
"Bahamas","2014","99.6"
"Bahrain","2017","99.7"
"Bahrain","2016","99.7"
"Bahrain","2015","99.7"
"Bahrain","2014","99.8"
"Bahrain","2013","99.7"
"Bahrain","2012","99.6"
"Bahrain","2011","99.6"
"Bahrain","2010","99.4"
"Bahrain","2009","97.3"
"Bahrain","2008","97.5"
"Bahrain","2007","97.4"
"Bahrain","2006","97.5"
"Bahrain","2005","97.5"
"Bahrain","2004","97.7"
"Bahrain","2003","97.8"
"Bahrain","2002","97.6"
"Bahrain","2001","97.5"
"Bahrain","2000","98.2"
"Bahrain","1993-1995","98.2"
"Bangladesh","2017-2019","53.4"
"Bangladesh","2014-2018","49.6"
"Bangladesh","2017","48.2"
"Bangladesh","2013-2016","47.1"
"Bangladesh","2011-2014","37.4"
"Bangladesh","2010-2013","32.8 31.0"
"Bangladesh","2005-2011","28.8"
"Bangladesh","2007-2010","23.4"
"Bangladesh","2002-2007","14.6"
"Bangladesh","2004-2006","16.0"
"Bangladesh","1999-2004","9.3"
"Bangladesh","1998-2001","9.2"
"Bangladesh","1994-2000","7.9"
"Bangladesh","1991-1997","4.1"
"Bangladesh","1990-1994","3.5"
"Barbados","2016","99.0"
"Barbados","2015","99.0 99.0"
"Barbados","2014","99.7"
"Barbados","2010-2012","100.0"
"Belarus","2010-2012","100.0"
"Belarus","2003-2005","99.9"
"Belize","2018","90.7"
"Belize","2017","92.2"
"Belize","2016","91.3"
"Belize","2013-2016","96.4"
"Belize","2013","94.2"
"Belize","2009-2011","93.8"
"Belize","2010","94.3"
"Belize","2009","90.6"
"Belize","2008","88.1"
"Belize","2007","86.9"
"Belize","2006","77.0"
"Belize","2004-2006","88.2"
"Belize","2005","76.8"
"Belize","2004","76.1"
"Belize","2003","76.5"
"Belize","2002","76.9"
"Belize","2001","78.9"
"Belize","2000","76.8"
"Belize","1999","77.5"
"Belize","1994-1999","83.5"
"Belize","1986-1991","76.0"
"Benin","2012-2018","83.9"
"Benin","2012-2014","87.0"
"Benin","2006-2012","86.9"
"Benin","2001-2006","78.1"
"Benin","1996-2001","76.0"
"Benin","1993-1996","63.9"
"Bhutan","2016-2017","93.4"
"Bhutan","2011-2012","76.8"
"Bhutan","2010-2012","73.7"
"Bhutan","2008-2010","63.0"
"Bhutan","2002-2003","56.1"
"Bhutan","1999-2000","19.8"
"Bolivia (Plurinational State of)","2018","71.5"
"Bolivia (Plurinational State of)","2017","71.3"
"Bolivia (Plurinational State of)","2011-2016","87.7"
"Bolivia (Plurinational State of)","2007-2012","82.1"
"Bolivia (Plurinational State of)","2011","82.7"
"Bolivia (Plurinational State of)","2003-2008","67.5"
"Bolivia (Plurinational State of)","1998-2003","57.1"
"Bolivia (Plurinational State of)","1997-2002","56.9"
"Bolivia (Plurinational State of)","1993-1998","55.9"
"Bolivia (Plurinational State of)","1991-1994","42.3"
"Bosnia and Herzegovina","2018","99.9"
"Bosnia and Herzegovina","2017","99.8"
"Bosnia and Herzegovina","2016","99.9"
"Bosnia and Herzegovina","2015","99.9"
"Bosnia and Herzegovina","2014","99.9"
"Bosnia and Herzegovina","2013","99.9"
"Bosnia and Herzegovina","2012","99.9"
"Bosnia and Herzegovina","2009-2012","99.7"
"Bosnia and Herzegovina","2011","99.9"
"Bosnia and Herzegovina","2010","99.9"
"Bosnia and Herzegovina","2009","99.9"
"Bosnia and Herzegovina","2008","99.9"
"Bosnia and Herzegovina","2007","99.9"
"Bosnia and Herzegovina","2006","99.9"
"Bosnia and Herzegovina","2004-2006","99.7"
"Bosnia and Herzegovina","2005","99.9"
"Bosnia and Herzegovina","2004","99.9"
"Bosnia and Herzegovina","2003","99.9"
"Bosnia and Herzegovina","2002","99.9"
"Bosnia and Herzegovina","2001","99.8"
"Bosnia and Herzegovina","2000","99.7"
"Bosnia and Herzegovina","1999","99.3"
"Bosnia and Herzegovina","1998","98.6"
"Bosnia and Herzegovina","1997","97.9"
"Botswana","2018","99.8"
"Botswana","2017","99.8"
"Botswana","2016","99.7"
"Botswana","2015","99.7"
"Botswana","2014","99.6"
"Botswana","2013","99.9"
"Botswana","2012","99.8"
"Botswana","2011","99.8"
"Botswana","2010","99.1"
"Botswana","2009","99.5"
"Botswana","2008","98.3"
"Botswana","2005-2007","93.8"
"Brazil","2017","99.1"
"Brazil","2016","99.1"
"Brazil","2015","99.1"
"Brazil","2014","99.1"
"Brazil","2013","99.1"
"Brazil","2012","99.0"
"Brazil","2011","99.0"
"Brazil","2010","98.9"
"Brazil","2009","98.9"
"Brazil","2008","98.8"
"Brazil","2007","98.6"
"Brazil","2006","98.4 98.6"
"Brazil","2005","98.6"
"Brazil","2004","98.6"
"Brazil","2003","98.4"
"Brazil","2002","98.5"
"Brazil","2001","98.3"
"Brazil","2000","98.6"
"Brazil","1999","98.6"
"Brazil","1998","98.6"
"Brazil","1997","98.6"
"Brazil","1991-1996","91.5"
"Brunei Darussalam","2017","100.0"
"Brunei Darussalam","2016","100.0"
"Brunei Darussalam","2015","100.0"
"Brunei Darussalam","2014","99.9"
"Brunei Darussalam","2013","99.7"
"Brunei Darussalam","2012","99.8"
"Brunei Darussalam","2011","99.6"
"Brunei Darussalam","2010","99.8"
"Brunei Darussalam","2009","99.8"
"Brunei Darussalam","2008","99.7"
"Brunei Darussalam","2007","99.9"
"Brunei Darussalam","2006","99.6"
"Brunei Darussalam","2005","99.6"
"Brunei Darussalam","2004","99.4"
"Brunei Darussalam","2003","99.4"
"Brunei Darussalam","2002","99.4"
"Brunei Darussalam","2001","99.4"
"Brunei Darussalam","2000","99.2"
"Brunei Darussalam","1999","99.1"
"Brunei Darussalam","1998","98.7"
"Brunei Darussalam","1997","99.0"
"Brunei Darussalam","1996","98.3"
"Brunei Darussalam","1995","96.2"
"Bulgaria","2014","93.7"
"Bulgaria","2013","92.3"
"Bulgaria","2012","91.8"
"Bulgaria","2005","95.5"
"Bulgaria","2000","96.5"
"Burkina Faso","2010-2015","82.2"
"Burkina Faso","2005-2010","66.3"
"Burkina Faso","2004-2006","50.5"
"Burkina Faso","1998-2003","43.0 38.4"
"Burkina Faso","1993-1999","32.1"
"Burkina Faso","1988-1993","43.0"
"Burundi","2011-2017","83.9"
"Burundi","2005-2010","59.5"
"Burundi","2003-2005","28.5"
"Cabo Verde","2000-2006","83.9"
"Cabo Verde","2005","77.8"
"Cabo Verde","1993-1998","54.7"
"Cambodia","2009-2014","83.2"
"Cambodia","2005-2010","53.8"
"Cambodia","2000-2005","21.5"
"Cambodia","1995-2000","9.9"
"Cambodia","1993-1998","9.7"
"Cameroon","2013-2019","67.0"
"Cameroon","2012-2014","61.3"
"Cameroon","2005-2011","61.2"
"Cameroon","2004-2006","61.4"
"Cameroon","1999-2004","59.0"
"Cameroon","1995-1998","54.3"
"Cameroon","1986-1991","62.5"
"Canada","2018","98.0"
"Canada","2017","97.9"
"Canada","2016","97.8"
"Canada","2015","97.9"
"Canada","2014","97.9"
"Canada","2013","98.0"
"Canada","2012","98.1"
"Canada","2011","98.4"
"Canada","2010","98.5"
"Canada","2009","98.6"
"Canada","2008","98.7"
"Canada","2007","98.8"
"Canada","2006","98.8"
"Canada","2005","98.8"
"Canada","2004","99.0"
"Canada","2003","98.9"
"Canada","2002","99.3"
"Canada","2001","99.3"
"Canada","2000","99.3"
"Canada","1999","99.2"
"Canada","1998","99.3"
"Canada","1997","99.3"
"Canada","1996","99.2"
"Canada","1995","99.4"
"Canada","1994","99.3"
"Canada","1993","99.4"
"Canada","1992","99.6"
"Canada","1991","99.1"
"Central African Republic","2008-2010","52.5"
"Central African Republic","2004-2006","51.0"
"Central African Republic","1991-1995","49.8"
"Chad","2009-2015","21.7"
"Chad","2008-2010","15.8"
"Chad","1999-2004","13.2"
"Chad","1991-1997","11.2"
"Chile","2017","99.7"
"Chile","2016","98.1"
"Chile","2015","99.7"
"Chile","2014","99.7"
"Chile","2013","99.8"
"Chile","2012","99.8"
"Chile","2011","99.8"
"Chile","2010","99.7"
"Chile","2009","99.8"
"Chile","2008","99.8"
"Chile","2007","97.5"
"Chile","2006","97.7"
"Chile","2005","97.7"
"Chile","2003","97.9"
"Chile","2002","98.4"
"Chile","2000","99.0"
"Chile","1999","99.4"
"Chile","1998","99.6"
"Chile","1997","99.4"
"China","2018","99.9"
"China","2017","99.9"
"China","2016","99.8"
"China","2015","99.7"
"China","2014","99.6"
"China","2013","99.5"
"China","2012","99.2"
"China","2011","98.7"
"China","2010","97.8"
"China","2009","96.3"
"China","2008","94.5"
"China","2007","91.7"
"China","2006","88.4"
"China","2005","85.9"
"China","2004","82.8"
"China","2003","79.4"
"China","2002","78.7"
"China","2001","76.0"
"China","2000","72.9"
"China","1999","70.0"
"China","1998","66.2"
"China","1997","61.7"
"China","1996","60.7"
"China","1995","58.0"
"China","1994","65.6"
"China","1993","56.5"
"China","1992","52.7"
"China","1991","50.6"
"China","1990","50.6"
"Colombia","2017","98.9"
"Colombia","2010-2015","96.9"
"Colombia","2005-2010","95.4"
"Colombia","2000-2005","92.0"
"Colombia","1995-2000","87.5"
"Colombia","1990-1995","76.8"
"Colombia","1985-1990","76.3"
"Comoros","2007-2012","76.2"
"Comoros","1993-1996","42.6"
"Congo","2012-2015","91.5"
"Congo","2006-2012","91.5"
"Congo","2000-2005","82.2"
"Costa Rica","2017","94.0"
"Costa Rica","2016","93.2"
"Costa Rica","2010-2015","99.3"
"Costa Rica","2009-2011","98.1"
"Costa Rica","2005-2010","99.8"
"Côte d'Ivoire","2014-2016","69.8"
"Côte d'Ivoire","2006-2012","57.4"
"Côte d'Ivoire","2004-2006","53.8"
"Côte d'Ivoire","2000-2005","55.5"
"Côte d'Ivoire","1993-1999","47.1"
"Côte d'Ivoire","1991-1994","44.8"
"Cuba","2019","99.9"
"Cuba","2018","99.9"
"Cuba","2017","99.9"
"Cuba","2016","99.9"
"Cuba","2015","99.9"
"Cuba","2014","99.9"
"Cuba","2012-2014","99.0"
"Cuba","2013","99.9"
"Cuba","2012","99.9"
"Cuba","2011","99.9"
"Cuba","2010","99.9"
"Cuba","2009","99.9"
"Cuba","2008","99.9"
"Cuba","2007","99.9"
"Cuba","2006","99.9"
"Cuba","2005","99.9"
"Cuba","2004","99.9"
"Cuba","2003","99.9"
"Cuba","2002","99.9"
"Cuba","2001","99.9"
"Cuba","2000","99.9"
"Cuba","1999","99.9"
"Cuba","1998","99.9"
"Cuba","1997","99.9"
"Cuba","1996","99.8"
"Cuba","1995","99.8"
"Cuba","1994","99.8"
"Cuba","1993","99.8"
"Cuba","1992","99.8"
"Cuba","1991","99.8"
"Cuba","1990","99.8"
"Cyprus","2018","98.3"
"Cyprus","2017","96.0"
"Cyprus","2016","95.6"
"Cyprus","2015","97.1"
"Cyprus","2014","97.4"
"Cyprus","2013","98.4"
"Cyprus","2012","98.7"
"Cyprus","2011","98.3"
"Cyprus","2010","98.6"
"Cyprus","2009","98.3"
"Cyprus","2008","97.2"
"Cyprus","2007","98.3"
"Cyprus","2006","98.5"
"Cyprus","2005","99.3"
"Cyprus","2004","95.7"
"Cyprus","2003","83.0"
"Cyprus","2002","87.4"
"Cyprus","2001","83.8"
"Cyprus","2000","97.9"
"Cyprus","1999","100.0"
"Cyprus","1998","100.0"
"Cyprus","1997","100.0"
"Cyprus","1996","100.0"
"Cyprus","1995","100.0"
"Cyprus","1994","100.0"
"Cyprus","1993","100.0"
"Cyprus","1992","100.0"
"Cyprus","1991","100.0"
"Cyprus","1990","100.0"
"Czechia","2017","99.8"
"Czechia","2014","99.8"
"Czechia","2013","99.8"
"Czechia","2012","99.9"
"Czechia","2011","99.9"
"Czechia","2010","99.7"
"Czechia","2009","99.6"
"Czechia","2008","99.6"
"Czechia","2007","99.7"
"Czechia","2006","99.7"
"Czechia","2005","99.8"
"Czechia","2004","99.8"
"Czechia","2002-2003","99.8"
"Czechia","2002","99.8"
"Czechia","2001","99.8"
"Czechia","2000","99.8"
"Democratic People's Republic of Korea","2015-2017","92.2"
"Democratic People's Republic of Korea","2007-2009","94.7"
"Democratic Republic of the Congo","2008-2014","79.9"
"Democratic Republic of the Congo","2008-2010","74.9"
"Democratic Republic of the Congo","2002-2007","70.1"
"Denmark","2018","95.3"
"Denmark","2017","94.7"
"Denmark","2016","94.4"
"Denmark","2015","95.4"
"Denmark","2014","95.9"
"Denmark","2013","96.3"
"Denmark","2012","98.2"
"Denmark","2011","98.5"
"Denmark","2010","98.5"
"Denmark","2009","98.7"
"Denmark","2007","97.8"
"Denmark","2006","98.7"
"Denmark","2005","98.8"
"Denmark","2004","98.6"
"Denmark","2003","98.9"
"Denmark","2002","98.8"
"Denmark","2001","98.9"
"Denmark","2000","98.8"
"Denmark","1999","98.7"
"Denmark","1998","98.8"
"Denmark","1997","98.3"
"Djibouti","2007-2012","86.7"
"Djibouti","2004-2006","87.4"
"Djibouti","1997-2002","74.1"
"Dominica","2018","97.6"
"Dominica","2017","97.0"
"Dominica","2016","96.0"
"Dominica","2015","96.0"
"Dominican Republic","2018","99.9"
"Dominican Republic","2016","99.8"
"Dominican Republic","2015","99.6"
"Dominican Republic","2014","99.6"
"Dominican Republic","2012-2014","97.7"
"Dominican Republic","2013","98.7"
"Dominican Republic","2008-2013","97.5"
"Dominican Republic","2012","98.8"
"Dominican Republic","2011","98.7"
"Dominican Republic","2010","97.8"
"Dominican Republic","2002-2007","97.5"
"Dominican Republic","1997-2002","97.9"
"Dominican Republic","1994-1999","96.6"
"Dominican Republic","1991-1996","95.3"
"Dominican Republic","1986-1991","92.0"
"Ecuador","2018","95.8"
"Ecuador","2017","95.3"
"Ecuador","2016","95.6 96.4"
"Ecuador","2015","93.5 94.3"
"Ecuador","2014","93.7"
"Ecuador","2013","92.4"
"Ecuador","2012","90.5"
"Ecuador","2007-2012","92.3"
"Ecuador","2011","88.9"
"Ecuador","2010","92.0 87.0"
"Ecuador","2009","85.2"
"Ecuador","2008","83.4"
"Ecuador","2007","81.7"
"Ecuador","2006","80.3"
"Ecuador","2005","78.0"
"Ecuador","2004","76.0"
"Ecuador","1999-2004","74.1"
"Ecuador","2003","74.6"
"Ecuador","2002","72.9"
"Ecuador","2001","70.3"
"Ecuador","2000","69.8"
"Ecuador","1999","68.9"
"Ecuador","1995-1999","69.2"
"Ecuador","1998","67.5"
"Ecuador","1997","66.3"
"Ecuador","1996","66.2"
"Ecuador","1995","63.5"
"Ecuador","1994","61.3"
"Ecuador","1989-1994","63.5"
"Ecuador","1993","60.3"
"Egypt","2009-2014","86.7"
"Egypt","2003-2008","71.7"
"Egypt","2000-2005","64.6"
"Egypt","1995-2000","48.2"
"Egypt","1993-1998","39.7"
"Egypt","1992-1997","39.7"
"Egypt","1990-1995","32.5"
"Egypt","1987-1992","27.1"
"El Salvador","2018","98.9"
"El Salvador","2017","99.0"
"El Salvador","2016","99.0"
"El Salvador","2015","91.1"
"El Salvador","2012-2014","98.0"
"El Salvador","2003-2008","84.6"
"El Salvador","1997-2003","69.4"
"El Salvador","1993-1998","58.0"
"El Salvador","1988-1993","51.0"
"Equatorial Guinea","2006-2011","67.3"
"Eritrea","2005-2010","33.6"
"Eritrea","1997-2002","26.4"
"Eritrea","1992-1995","17.3"
"Estonia","2018","99.1"
"Estonia","2017","99.2"
"Estonia","2016","99.4"
"Estonia","2015","99.5"
"Estonia","2014","99.4"
"Estonia","2013","99.4"
"Estonia","2012","99.3"
"Estonia","2011","99.4"
"Estonia","2010","99.3"
"Estonia","2009","99.2"
"Estonia","2008","99.3"
"Estonia","2007","99.4"
"Estonia","2006","99.5"
"Estonia","2005","99.6"
"Estonia","2004","99.7"
"Estonia","2003","99.4"
"Estonia","2002","99.5"
"Estonia","2001","99.6"
"Estonia","2000","99.5"
"Estonia","1999","99.5"
"Estonia","1998","99.5"
"Estonia","1997","99.3"
"Estonia","1996","99.4"
"Estonia","1995","99.3"
"Estonia","1994","99.1"
"Estonia","1993","99.1"
"Estonia","1992","98.9"
"Eswatini","2012-2014","87.7"
"Eswatini","2008-2010","80.4"
"Eswatini","2001-2007","74.1"
"Ethiopia","2017-2019","47.5"
"Ethiopia","2011-2016","26.2"
"Ethiopia","2009-2014","16.4"
"Ethiopia","2006-2011","9.9"
"Ethiopia","2000-2005","5.3"
"Ethiopia","1999-2004","6.4"
"Ethiopia","1995-2000","5.0"
"Ethiopia","1996-1998","5.3"
"Fiji","2011-2013","99.0"
"Fiji","2005","97.2"
"Fiji","2004","97.0"
"Fiji","2003","96.7"
"Fiji","2002","96.9"
"Fiji","2001","98.4"
"Fiji","2000","96.9"
"Fiji","1999","96.4"
"Fiji","1998","96.7"
"Fiji","1997","96.2"
"Fiji","1996","96.3"
"Fiji","1995","96.2"
"Fiji","1994","96.2"
"Fiji","1993","97.6"
"Fiji","1991","94.5"
"Fiji","1990","95.3"
"Finland","2018","100.0"
"Finland","2017","99.9"
"Finland","2016","99.9"
"Finland","2015","99.9"
"Finland","2014","99.7"
"Finland","2012","99.8"
"Finland","2011","99.7"
"Finland","2010","99.8"
"Finland","2009","99.8"
"Finland","2008","99.8"
"Finland","2007","99.8"
"Finland","2006","99.8"
"Finland","2005","99.8"
"Finland","2004","99.8"
"Finland","2003","99.8"
"Finland","2002","99.8"
"Finland","2001","98.5"
"Finland","2000","98.4"
"Finland","1999","98.4"
"Finland","1998","98.3"
"Finland","1997","98.4"
"Finland","1996","98.4"
"Finland","1995","98.5"
"Finland","1994","98.5"
"Finland","1993","98.6"
"Finland","1992","98.6"
"Finland","1990","98.8"
"France","2018","98.1"
"France","2017","98.0"
"France","2016","97.4"
"France","2015","97.7"
"France","2014","98.3"
"France","2013","98.3"
"France","2012","97.1"
"France","2011","96.2"
"France","2010","97.5"
"France","2009","97.9"
"France","2008","98.0"
"France","2007","98.1"
"France","2006","98.3"
"France","2005","97.9"
"France","2004","98.0"
"France","2001","99.6"
"Gabon","2007-2012","90.2"
"Gabon","1995-2000","84.7"
"Gambia","2016-2018","81.5"
"Gambia","2007-2013","62.6"
"Gambia","2008-2010","55.7"
"Gambia","2003-2005","54.5"
"Georgia","2016-2018","99.4"
"Georgia","2016","99.9"
"Georgia","2015","99.8"
"Georgia","2014","99.8"
"Georgia","2013","99.7"
"Georgia","2012","99.7"
"Georgia","2011","99.7"
"Georgia","2010","99.6"
"Georgia","2005-2010","98.3"
"Georgia","2009","99.6"
"Georgia","2008","99.7"
"Georgia","2007","99.7"
"Georgia","2006","99.5"
"Georgia","2005","99.0"
"Georgia","2003-2005","95.5"
"Georgia","2000-2005","92.4"
"Georgia","2004","98.2"
"Georgia","2003","97.9"
"Georgia","2002","97.9"
"Georgia","2001","97.4"
"Georgia","2000","96.6"
"Georgia","1993-2000","92.2"
"Georgia","1999","97.8"
"Germany","2017","98.8"
"Germany","2016","97.8"
"Germany","2015","98.8"
"Germany","2014","98.6"
"Germany","2013","98.5"
"Germany","2012","98.5"
"Germany","2011","98.4"
"Germany","2010","98.4"
"Germany","2009","98.3"
"Germany","2008","98.5"
"Germany","2007","98.4"
"Germany","2006","98.4"
"Germany","2005","98.2"
"Germany","2004","98.2"
"Germany","2003","98.6"
"Germany","2002","98.6"
"Germany","2001","98.6"
"Germany","2000","98.6"
"Germany","1999","98.7"
"Ghana","2012-2017","78.7"
"Ghana","2009-2014","73.1"
"Ghana","2009-2011","67.4"
"Ghana","2003-2008","57.1"
"Ghana","2002-2007","54.3"
"Ghana","2004-2006","48.7"
"Ghana","1998-2003","45.7"
"Ghana","1993-1998","43.4"
"Ghana","1990-1993","42.2"
"Grenada","2018","99.8"
"Grenada","2017","98.9"
"Grenada","2016","99.3"
"Grenada","2015","98.6"
"Guatemala","2017","57.5"
"Guatemala","2016","69.2"
"Guatemala","2009-2015","65.0"
"Guatemala","2013","63.1"
"Guatemala","2012","58.6"
"Guatemala","2003-2008","51.2"
"Guatemala","1993-1999","40.4"
"Guatemala","1992-1997","42.1"
"Guatemala","1990-1995","34.3"
"Guinea","2013-2018","52.6"
"Guinea","2013-2016","57.2"
"Guinea","2007-2012","40.3"
"Guinea","2002-2007","39.4"
"Guinea","2000-2005","30.8"
"Guinea","1994-1999","29.0"
"Guinea","1987-1992","25.4"
"Guinea-Bissau","2012-2014","44.0"
"Guinea-Bissau","2008-2010","41.4"
"Guinea-Bissau","2004-2006","35.9"
"Guyana","2018","94.2"
"Guyana","2015","90.0"
"Guyana","2012-2014","92.7"
"Guyana","2013","99.7"
"Guyana","2005-2009","89.0"
"Guyana","2004-2006","82.6"
"Haiti","2011-2017","39.4"
"Haiti","2007-2012","35.9"
"Haiti","2000-2006","24.7"
"Haiti","1995-2000","23.2"
"Haiti","1989-1995","19.5"
"Honduras","2017","74.0"
"Honduras","2016","79.0"
"Honduras","2015","72.0"
"Honduras","2006-2011","82.7"
"Honduras","2000-2006","66.5"
"Honduras","1996-2001","55.2"
"Honduras","1991-1996","53.8"
"Honduras","1987-1992","45.4"
"Iceland","2018","98.2"
"Iceland","2017","98.0"
"Iceland","2016","97.9"
"Iceland","2015","98.2"
"Iceland","2014","97.8"
"Iceland","2013","98.1"
"Iceland","2012","97.8"
"Iceland","2011","97.9"
"Iceland","2010","98.2"
"Iceland","2009","98.8"
"Iceland","2008","98.7"
"Iceland","2007","98.9"
"Iceland","2006","98.9"
"Iceland","2005","99.0"
"Iceland","2004","99.4"
"Iceland","2003","99.4"
"Iceland","2002","99.4"
"Iceland","2001","99.5"
"Iceland","2000","99.3"
"Iceland","1999","99.6"
"Iceland","1998","99.9"
"Iceland","1997","99.8"
"Iceland","1996","99.8"
"Iceland","1995","99.8"
"Iceland","1994","99.8"
"Iceland","1993","99.8"
"Iceland","1992","99.8"
"Iceland","1991","99.9"
"Iceland","1990","100.0"
"India","2010-2016","78.9"
"India","2010-2014","78.7"
"India","2013","74.4"
"India","2012","73.1"
"India","2011","66.6"
"India","2010","60.5"
"India","2009","57.7"
"India","2008","47.1"
"India","2004-2008","46.9"
"India","2007","38.6"
"India","2006","34.9"
"India","2000-2006","38.7"
"India","2005","34.5"
"India","2002-2004","40.5"
"India","1995-1999","34.0 33.6"
"India","1988-1992","25.5"
"Indonesia","2019","85.9"
"Indonesia","2018","82.7"
"Indonesia","2015-2017","81.3"
"Indonesia","2014-2016","79.7"
"Indonesia","2010-2013","70.4"
"Indonesia","2007-2012","63.2"
"Indonesia","2002-2007","46.1"
"Indonesia","1997-2003","39.7"
"Indonesia","1992-1997","20.5"
"Indonesia","1989-1994","17.6"
"Indonesia","1986-1991","20.9"
"Iran (Islamic Republic of)","2008-2010","95.3"
"Iran (Islamic Republic of)","2005","96.3"
"Iran (Islamic Republic of)","1995-2000","83.6"
"Iraq","2016-2018","86.6"
"Iraq","2012","70.4"
"Iraq","2009-2011","76.6"
"Iraq","2001-2007","65.1"
"Iraq","2004-2006","62.6"
"Ireland","2016","99.7"
"Ireland","2015","99.7"
"Ireland","2014","99.7"
"Ireland","2013","99.8"
"Ireland","2012","99.8"
"Ireland","2011","99.8"
"Ireland","2010","99.8"
"Ireland","2009","99.8"
"Ireland","2008","99.8"
"Ireland","2007","99.7"
"Ireland","2006","99.7"
"Ireland","2005","99.7"
"Ireland","2004","99.7"
"Ireland","2003","99.6"
"Ireland","2002","99.5"
"Ireland","2001","99.6"
"Ireland","2000","99.6"
"Ireland","1999","99.5"
"Italy","2016","99.9"
"Italy","2015","99.9"
"Italy","2014","99.9"
"Italy","2013","99.9"
"Italy","2011","99.9"
"Italy","2010","99.9"
"Italy","2009","99.8"
"Italy","2008","99.8"
"Italy","2007","99.6"
"Italy","2006","99.8"
"Italy","2005","99.8"
"Italy","2004","99.8"
"Italy","2003","99.6"
"Italy","2002","99.6"
"Italy","1999-2000","99.8"
"Jamaica","2016","97.6"
"Jamaica","2015","99.4"
"Jamaica","2009-2011","98.6"
"Jamaica","2003-2008","97.0"
"Jamaica","2003-2005","94.4"
"Jamaica","1997-2002","92.4"
"Jamaica","1992-1997","87.8"
"Japan","2018","99.9"
"Japan","2017","99.9"
"Japan","2016","99.8"
"Japan","2015","99.9"
"Japan","2014","99.8"
"Japan","2012","99.8"
"Japan","2011","99.8"
"Japan","2010","99.8"
"Japan","2009","99.8"
"Japan","2008","99.8"
"Japan","2007","99.8"
"Japan","2006","99.8"
"Japan","2005","99.8"
"Japan","2004","99.8"
"Japan","2003","99.8"
"Japan","2002","99.8"
"Japan","2001","99.8"
"Japan","2000","99.8"
"Japan","1995","99.9"
"Japan","1990","99.9"
"Jordan","2013-2018","98.1"
"Jordan","2007-2012","98.8"
"Jordan","2002-2007","98.7"
"Jordan","1997-2002","96.9"
"Jordan","1992-1997","93.1"
"Jordan","1985-1990","78.4"
"Kazakhstan","2018","99.9"
"Kazakhstan","2017","99.9"
"Kazakhstan","2016","99.9"
"Kazakhstan","2013-2015","99.3"
"Kazakhstan","2008-2011","99.6"
"Kazakhstan","2004-2006","99.8"
"Kazakhstan","1994-1999","97.6"
"Kazakhstan","1992-1995","98.4"
"Kenya","2009-2014","61.2"
"Kenya","2003-2009","42.6"
"Kenya","1998-2003","40.1"
"Kenya","1995-1998","42.1"
"Kenya","1988-1993","44.1"
"Kiribati","2016-2019","86.1"
"Kiribati","2004-2009","65.9"
"Kuwait","2018","100.0"
"Kuwait","2017","99.9"
"Kuwait","2016","99.9"
"Kuwait","2015","99.9"
"Kuwait","2014","98.7"
"Kuwait","2013","98.7"
"Kuwait","2012","98.8"
"Kuwait","2011","98.8"
"Kuwait","2010","98.6"
"Kuwait","2009","98.7"
"Kuwait","2008","98.7"
"Kuwait","2007","98.7"
"Kuwait","2006","98.7"
"Kuwait","2005","98.6"
"Kuwait","2004","98.3"
"Kuwait","1993-1996","97.5"
"Kyrgyzstan","2016-2018","99.6"
"Kyrgyzstan","2012-2014","98.3"
"Kyrgyzstan","2007-2012","98.9"
"Kyrgyzstan","2004-2006","96.9"
"Kyrgyzstan","1994-1997","95.8"
"Lao People's Democratic Republic","2015-2017","64.5"
"Lao People's Democratic Republic","2009-2012","37.5"
"Lao People's Democratic Republic","2004-2006","17.1"
"Lao People's Democratic Republic","2000-2005","12.8"
"Lao People's Democratic Republic","1986-1993","7.0"
"Latvia","2018","98.5"
"Latvia","2017","99.9"
"Latvia","2016","99.9"
"Latvia","2015","99.9"
"Latvia","2014","98.1"
"Latvia","2013","98.4"
"Latvia","2012","98.6"
"Latvia","2011","98.6"
"Latvia","2010","98.8"
"Latvia","2009","98.9"
"Latvia","2008","99.1"
"Latvia","2007","99.4"
"Lebanon","1999-2004","96.7"
"Lebanon","1999-2000","99.9"
"Lebanon","1991-1996","87.9"
"Lesotho","2016-2018","89.4"
"Lesotho","2009-2014","76.5"
"Lesotho","2004-2009","58.7"
"Lesotho","1999-2004","52.4"
"Liberia","2008-2013","55.8"
"Liberia","2002-2007","36.9"
"Liberia","1996-1999","37.4"
"Libya","2011","100.0"
"Libya","2007","98.3"
"Luxembourg","2016","99.7"
"Luxembourg","2015","99.8"
"Luxembourg","2014","99.8"
"Luxembourg","2009","99.9"
"Luxembourg","2001-2003","99.9"
"Madagascar","2016-2018","39.0"
"Madagascar","2007-2013","37.9"
"Madagascar","2003-2009","35.3"
"Madagascar","1998-2004","31.8"
"Madagascar","1994-1997","34.2"
"Madagascar","1987-1992","45.0"
"Malawi","2010-2016","91.4"
"Malawi","2012-2014","88.9"
"Malawi","2005-2010","73.2"
"Malawi","2004-2006","53.8"
"Malawi","1999-2004","57.2"
"Malawi","1995-2000","55.4"
"Malawi","1987-1992","55.5"
"Maldives","2011-2017","94.5"
"Maldives","2014","99.9"
"Maldives","2013","99.7"
"Maldives","2012","95.7"
"Maldives","2011","99.0"
"Maldives","2010","98.8"
"Maldives","2009","98.3"
"Maldives","2004-2009","95.1"
"Maldives","2008","97.4"
"Maldives","2007","96.8"
"Maldives","2006","96.1"
"Maldives","2005","93.2"
"Maldives","2004","89.5"
"Mali","2013-2018","66.8"
"Mali","2013-2015","64.5"
"Mali","2007-2013","55.0"
"Mali","2001-2006","45.1"
"Mali","1996-2001","37.8"
"Mali","1992-1996","30.4"
"Malta","2018","99.7"
"Malta","2017","99.7"
"Malta","2016","99.8"
"Malta","2015","99.8"
"Malta","2014","99.9"
"Malta","2013","99.6"
"Malta","2012","99.5"
"Malta","2011","99.8"
"Malta","2010","99.8"
"Malta","2009","99.8"
"Malta","2008","99.9"
"Malta","2007","99.8"
"Malta","2006","98.8"
"Malta","2005","99.7"
"Malta","2004","99.9"
"Malta","2003","99.5"
"Malta","2002","99.5"
"Malta","2001","99.9"
"Marshall Islands","2015-2017","92.1"
"Marshall Islands","2002-2007","85.1"
"Mauritania","2013-2015","69.3"
"Mauritania","2009-2011","64.5"
"Mauritania","2005-2007","48.4"
"Mauritania","1995-2001","48.5"
"Mexico","2016","93.0"
"Mexico","2013-2015","96.9"
"Mexico","2009-2014","95.6"
"Mexico","2007-2012","94.2"
"Mexico","2008","82.1"
"Mexico","1998-2003","88.5"
"Mexico","1995-2000","83.7"
"Mexico","1999","78.6"
"Mexico","1998","78.7"
"Mexico","1997","76.6"
"Mexico","1996","75.8"
"Mexico","1995","74.8"
"Mexico","1994","73.0"
"Mexico","1993","71.7"
"Mexico","1992","71.9"
"Mexico","1991","71.4"
"Mexico","1990","71.0"
"Micronesia (Federated States of)","2006","87.1"
"Micronesia (Federated States of)","2005","83.3"
"Micronesia (Federated States of)","2004","85.5"
"Micronesia (Federated States of)","2003","87.0"
"Micronesia (Federated States of)","2002","84.6"
"Micronesia (Federated States of)","2001","88.0"
"Micronesia (Federated States of)","2000","84.8"
"Micronesia (Federated States of)","1999","87.8"
"Micronesia (Federated States of)","1998","89.8"
"Mongolia","2016-2018","98.4"
"Mongolia","2011-2013","98.4"
"Mongolia","2008-2010","98.5"
"Mongolia","2003-2008","98.3"
"Mongolia","2003-2005","98.6"
"Mongolia","1998-2003","97.3"
"Mongolia","1993-1998","94.1"
"Montenegro","2016-2018","98.6"
"Montenegro","2011-2013","99.0"
"Montenegro","2009","99.5"
"Montenegro","2008","99.9"
"Montenegro","2007","99.7"
"Montenegro","2006","99.7"
"Montenegro","2003-2006","99.5"
"Montenegro","2005","99.0"
"Montenegro","2004","98.3"
"Montenegro","2003","98.9"
"Montenegro","2002","98.0"
"Montenegro","2001","96.6"
"Morocco","2017-2018","86.1"
"Morocco","2006-2011","72.7"
"Morocco","1998-2004","60.8"
"Morocco","1993-1997","45.6"
"Morocco","1990-1995","37.0"
"Morocco","1987-1992","28.4"
"Mozambique","2018","87.1"
"Mozambique","2017","82.6"
"Mozambique","2016","76.6"
"Mozambique","2015","75.4"
"Mozambique","2014","71.0"
"Mozambique","2013","68.9"
"Mozambique","2012","63.8"
"Mozambique","2006-2011","54.8"
"Mozambique","2008","55.0"
"Mozambique","2006-2008","55.3"
"Mozambique","2007","51.6"
"Mozambique","2006","48.4"
"Mozambique","2005","48.5"
"Mozambique","2004","46.8"
"Mozambique","1998-2003","47.6"
"Mozambique","1994-1997","43.7"
"Myanmar","2010-2016","37.1"
"Myanmar","2007-2010","36.2"
"Myanmar","2002-2007","22.8"
"Myanmar","1996-2001","16.1"
"Namibia","2008-2013","87.4"
"Namibia","2001-2007","80.8"
"Namibia","1985-2000","74.7"
"Namibia","1987-1992","66.9"
"Nauru","2002-2007","98.7"
"Nepal","2011-2016","57.4"
"Nepal","2012-2014","55.2"
"Nepal","2010-2011","31.6"
"Nepal","2006-2011","35.3"
"Nepal","2001-2006","17.7"
"Nepal","2003-2004","15.4"
"Nepal","1996-2001","9.1"
"Nepal","1993-1996","7.6"
"Nepal","1986-1991","5.7"
"New Zealand","2017","96.6"
"New Zealand","2015","96.3"
"New Zealand","2014","96.6"
"New Zealand","2013","96.6"
"New Zealand","2012","96.9"
"New Zealand","2011","96.7"
"New Zealand","2010","96.7"
"New Zealand","2009","96.7"
"New Zealand","2008","96.7"
"New Zealand","2007","96.7"
"New Zealand","2006","96.8"
"New Zealand","2005","96.6"
"New Zealand","2004","94.0"
"New Zealand","2003","98.2"
"New Zealand","2002","99.2"
"New Zealand","2001","96.6"
"New Zealand","2000","97.3"
"New Zealand","1999","92.0"
"Nicaragua","2018","89.1"
"Nicaragua","2017","89.6"
"Nicaragua","2016","88.0"
"Nicaragua","2015","88.0"
"Nicaragua","2013","71.0"
"Nicaragua","2012","75.0"
"Nicaragua","2006-2012","88.2"
"Nicaragua","2011","74.0"
"Nicaragua","2010","71.0"
"Nicaragua","2009","79.6 68.0"
"Nicaragua","2008","77.6 66.0"
"Nicaragua","2007","75.8 66.0"
"Nicaragua","2001-2007","73.8"
"Nicaragua","2006","62.6"
"Nicaragua","2005","58.2"
"Nicaragua","2004","52.1"
"Nicaragua","2003","50.4"
"Nicaragua","2002","48.1"
"Nicaragua","2001","50.6"
"Nicaragua","1996-2001","66.3"
"Nicaragua","1993-1998","63.6"
"Nicaragua","1987-1993","59.2"
"Niger","2015","58.8"
"Niger","2007-2012","29.8"
"Niger","2001-2006","17.2"
"Niger","1995-1998","18.0"
"Niger","1987-1992","15.5"
"Nigeria","2013-2018","39.4"
"Nigeria","2013-2017","37.5"
"Nigeria","2008-2013","35.8"
"Nigeria","2009-2011","45.1"
"Nigeria","2003-2008","35.0"
"Nigeria","2005-2007","40.5"
"Nigeria","1998-2003","32.6"
"Nigeria","1996-1999","37.3"
"Nigeria","1985-1990","30.9"
"Norway","2018","99.2"
"Norway","2017","99.2"
"Norway","2016","99.1"
"Norway","2015","99.1"
"Norway","2014","99.1"
"Norway","2013","99.1"
"Norway","2012","99.2"
"Norway","2011","99.2"
"Norway","2010","99.1"
"Norway","2009","99.2"
"Norway","2008","99.2"
"Norway","2007","99.1"
"Norway","2006","99.2"
"Norway","2005","99.2"
"Norway","2004","99.1"
"Norway","2003","99.0"
"Norway","2002","99.1"
"Norway","2001","99.1"
"Norway","2000","99.0"
"Norway","1999","99.1"
"Norway","1998","99.1"
"Norway","1997","99.1"
"Norway","1996","99.2"
"Norway","1995","99.2"
"Norway","1994","99.3"
"Norway","1993","99.4"
"Norway","1992","99.3"
"Norway","1991","99.3"
"Norway","1990","99.4"
"Oman","2012-2014","99.2"
"Oman","1995-2000","93.1"
"Oman","1992-1995","88.7"
"Pakistan","2013-2018","66.2"
"Pakistan","2014-2015","55.0"
"Pakistan","2013-2014","56.0"
"Pakistan","2012-2013","49.0"
"Pakistan","2007-2013","48.2"
"Pakistan","2011-2012","48.0"
"Pakistan","2010-2011","35.0"
"Pakistan","2008-2009","35.0"
"Pakistan","2007-2008","36.0"
"Pakistan","2006-2007","32.0"
"Pakistan","2001-2007","34.3"
"Pakistan","2005-2006","48.0"
"Pakistan","2004-2005","28.0"
"Pakistan","2003","28.4"
"Pakistan","2001-2002","21.0"
"Pakistan","2000","22.9"
"Pakistan","1998-1999","17.0"
"Pakistan","1993-1997","18.0"
"Pakistan","1985-1991","13.4"
"Palau","2018","100.0"
"Palau","2017","100.0"
"Palau","2016","100.0"
"Palau","2015","99.6"
"Palau","2014","100.0"
"Palau","2013","99.1"
"Palau","2012","100.0"
"Palau","2011","100.0"
"Palau","2010","100.0"
"Palau","2009","99.7"
"Palau","2008","100.0"
"Palau","2007","100.0"
"Palau","2006","100.0"
"Palau","2005","100.0"
"Palau","2004","100.0"
"Palau","2003","99.7"
"Palau","2002","100.0"
"Palau","2001","99.0"
"Palau","2000","100.0"
"Palau","1999","100.0"
"Palau","1998","100.0"
"Palau","1997","100.0"
"Panama","2016","90.9"
"Panama","2015","94.8"
"Panama","2014","93.8"
"Panama","2013","92.5"
"Panama","2011-2013","91.2"
"Panama","2012","93.9"
"Panama","2011","93.2"
"Panama","2010","92.1"
"Panama","2009","91.9"
"Panama","2004-2009","88.3"
"Panama","2008","91.5"
"Panama","2007","91.2"
"Panama","2006","90.7"
"Panama","2005","90.7"
"Panama","2004","91.1"
"Panama","2003","92.1"
"Panama","2002","92.8"
"Papua New Guinea","2011-2018","54.7"
"Papua New Guinea","2016","40.0"
"Papua New Guinea","2015","37.0"
"Papua New Guinea","2014","44.0"
"Papua New Guinea","2013","43.0"
"Papua New Guinea","2012","44.0"
"Papua New Guinea","2011","40.0"
"Papua New Guinea","2010","40.0"
"Papua New Guinea","2009","42.0"
"Papua New Guinea","2008","43.0"
"Papua New Guinea","2007","41.0"
"Papua New Guinea","2006","44.0"
"Papua New Guinea","2003-2006","51.8"
"Papua New Guinea","1993-1996","51.0"
"Paraguay","2018","97.7"
"Paraguay","2017","97.3"
"Paraguay","2016","96.6"
"Paraguay","2014-2016","93.2"
"Paraguay","2015","96.3"
"Paraguay","2014","96.4"
"Paraguay","2012","95.7"
"Paraguay","2011","96.3"
"Paraguay","2010","95.6"
"Paraguay","2009","93.8"
"Paraguay","2008","93.0"
"Paraguay","2003-2008","84.6"
"Paraguay","2006","90.5"
"Paraguay","2005","87.5"
"Paraguay","2004","87.3"
"Paraguay","1999-2004","74.1"
"Paraguay","2003","86.3"
"Paraguay","1995-1998","56.3"
"Paraguay","1990-1996","56.8"
"Paraguay","1985-1990","53.3"
"Peru","2014-2019","92.1"
"Peru","2013-2018","92.7"
"Peru","2017","93.2"
"Peru","2011-2016","92.2"
"Peru","2010-2015","91.0"
"Peru","2009-2014","89.2"
"Peru","2008-2013","88.6"
"Peru","2007-2012","86.8"
"Peru","2006-2011","85.1"
"Peru","2005-2010","84.4"
"Peru","2004-2009","82.0"
"Peru","2002-2008","79.5"
"Peru","1999-2006","71.7"
"Peru","2003","59.8"
"Peru","2002","51.1"
"Peru","2001","44.2"
"Peru","2000","43.1"
"Peru","1995-2000","57.9"
"Peru","1991-1996","49.6"
"Peru","1986-1992","45.5"
"Philippines","2012-2017","77.7"
"Philippines","2008-2013","61.1"
"Philippines","2006-2011","55.2"
"Philippines","2003-2008","44.2"
"Philippines","1998-2003","37.9"
"Philippines","1993-1998","34.2"
"Philippines","1988-1993","28.2"
"Poland","2018","99.8"
"Poland","2017","99.8"
"Poland","2016","99.8"
"Poland","2015","99.8"
"Poland","2014","99.8"
"Poland","2013","99.8"
"Poland","2012","99.8"
"Poland","2011","99.8"
"Poland","2010","99.8"
"Poland","2009","99.7"
"Poland","2008","99.4"
"Poland","2007","99.4"
"Poland","2006","99.4"
"Poland","2005","99.3"
"Poland","2000","99.4"
"Poland","1990","97.8"
"Portugal","2018","98.7"
"Portugal","2017","98.8"
"Portugal","2016","98.8"
"Portugal","2015","98.9"
"Portugal","2014","98.9"
"Portugal","2013","99.0"
"Qatar","2017","99.9"
"Qatar","2016","99.9"
"Qatar","2015","99.9"
"Qatar","2014","99.9"
"Qatar","2010-2012","98.9"
"Qatar","2011","100.0"
"Qatar","2010","99.9"
"Qatar","2009","99.9"
"Qatar","2008","99.9"
"Qatar","2007","99.9"
"Qatar","2006","100.0"
"Qatar","2005","100.0"
"Qatar","2004","99.9"
"Qatar","2003","99.9"
"Qatar","2002","99.9"
"Qatar","2001","99.9"
"Qatar","2000","99.9"
"Qatar","1999","99.9"
"Qatar","1998","99.9"
"Qatar","1995-1998","97.8"
"Qatar","1997","99.9"
"Qatar","1996","99.9"
"Qatar","1995","99.8"
"Qatar","1993","99.4"
"Qatar","1992","99.5"
"Qatar","1991","99.3"
"Qatar","1990","99.5"
"Republic of Korea","2013-2015","100.0"
"Republic of Korea","2012","99.8"
"Republic of Korea","2009","99.9"
"Republic of Korea","2006","100.0"
"Republic of Korea","2003","99.3"
"Republic of Korea","1999-2000","99.9"
"Republic of Korea","1995-1997","99.6"
"Republic of Korea","1990-1994","98.4"
"Republic of Korea","1987-1991","97.9"
"Republic of Moldova","2010-2012","98.9"
"Republic of Moldova","2000-2005","99.0"
"Republic of Moldova","1992-1997","99.1"
"North Macedonia","2018","99.9"
"North Macedonia","2017","100.0"
"North Macedonia","2016","99.9"
"North Macedonia","2015","99.9"
"North Macedonia","2014","99.8"
"North Macedonia","2013","99.8"
"North Macedonia","2012","99.7"
"North Macedonia","2009-2011","98.4 99.9"
"North Macedonia","2010","99.7"
"North Macedonia","2009","99.8"
"North Macedonia","2008","99.7"
"North Macedonia","2007","99.6"
"North Macedonia","2006","99.2"
"North Macedonia","2005","99.1"
"North Macedonia","2003-2005","98.2"
"North Macedonia","2004","99.0"
"North Macedonia","2003","98.7"
"North Macedonia","2002","97.3"
"North Macedonia","2001","96.9"
"North Macedonia","2000","96.3"
"North Macedonia","1999","94.0"
"North Macedonia","1998","95.2"
"North Macedonia","1997","94.1"
"North Macedonia","1996","94.3"
"North Macedonia","1995","92.5"
"North Macedonia","1994","91.3"
"North Macedonia","1993","92.2"
"North Macedonia","1992","89.9"
"Romania","1999-2004","99.1"
"Romania","1994-1999","98.0"
"Russian Federation","2006-2011","98.7"
"Rwanda","2009-2015","90.7"
"Rwanda","2005-2010","68.9"
"Rwanda","2002-2008","45.2"
"Rwanda","2000-2005","28.2"
"Rwanda","1995-2000","26.5"
"Rwanda","1987-1992","25.4"
"Saint Kitts and Nevis","2018","100.0"
"Saint Kitts and Nevis","2015","100.0"
"Saint Kitts and Nevis","2014","100.0"
"Saint Lucia","2017","99.0"
"Saint Lucia","2014","99.1"
"Saint Lucia","2010-2012","100.0"
"Saint Vincent and the Grenadines","2016","98.6"
"Saint Vincent and the Grenadines","2015","98.7"
"Saint Vincent and the Grenadines","2014","99.9"
"Saint Vincent and the Grenadines","2013","99.0"
"Saint Vincent and the Grenadines","2012","99.2"
"Saint Vincent and the Grenadines","2011","98.8"
"Samoa","2009-2014","81.9"
"Samoa","2004-2009","80.5"
"Sao Tome and Principe","2012-2014","91.0"
"Sao Tome and Principe","2003-2009","78.8"
"Sao Tome and Principe","2004-2006","78.0"
"Sao Tome and Principe","2003","76.4"
"Sao Tome and Principe","2002","75.0"
"Sao Tome and Principe","2001","68.0"
"Sao Tome and Principe","2000","58.0"
"Sao Tome and Principe","1999","52.0"
"Saudi Arabia","1993-1996","91.0"
"Senegal","2013-2018","81.7"
"Senegal","2012-2017","78.2"
"Senegal","2011-2016","75.9"
"Senegal","2010-2015","74.5"
"Senegal","2009-2014","76.9"
"Senegal","2007-2013","71.3"
"Senegal","2005-2011","72.8"
"Senegal","2000-2005","61.8"
"Senegal","1994-1999","48.6"
"Senegal","1992-1997","48.0"
"Senegal","1987-1993","46.9"
"Serbia","2014","99.8"
"Serbia","2012-2014","98.3"
"Serbia","2013","99.8"
"Serbia","2012","99.8"
"Serbia","2011","99.7"
"Serbia","2010","99.5"
"Serbia","2008-2010","99.8"
"Serbia","2009","99.4"
"Serbia","2008","99.1"
"Serbia","2007","99.2"
"Serbia","2006","99.1"
"Serbia","2003-2006","98.8"
"Serbia","2005","99.1"
"Serbia","2002","98.1"
"Serbia","1996","97.8"
"Serbia","1995","97.3"
"Sierra Leone","2014-2019","83.4"
"Sierra Leone","2012-2017","76.7"
"Sierra Leone","2008-2013","54.4"
"Sierra Leone","2008-2010","50.1"
"Sierra Leone","2003-2008","24.6"
"Sierra Leone","2003-2005","18.6"
"Singapore","2018","99.5"
"Singapore","2017","99.6"
"Singapore","2016","99.6"
"Singapore","2015","99.6"
"Singapore","2014","99.7"
"Singapore","2013","99.6"
"Singapore","2012","99.7"
"Singapore","2011","99.7"
"Singapore","2010","99.7"
"Singapore","2009","99.7"
"Singapore","2008","99.8"
"Singapore","2007","99.7"
"Singapore","2006","99.7"
"Singapore","2005","99.7"
"Singapore","2004","99.7"
"Singapore","2003","99.7"
"Singapore","2002","99.7"
"Singapore","2001","99.6"
"Singapore","2000","99.7"
"Singapore","1999","99.7"
"Singapore","1998","99.7"
"Singapore","1997","99.7"
"Singapore","1996","99.7"
"Slovenia","2012","99.8"
"Slovenia","2011","99.9"
"Slovenia","2010","99.9"
"Slovenia","2009","99.9"
"Slovenia","2008","99.9"
"Slovenia","2007","99.9"
"Slovenia","2006","99.9"
"Slovenia","2005","99.9"
"Slovenia","2004","99.9"
"Slovenia","2003","99.9"
"Slovenia","2002","99.9"
"Slovenia","2001","99.9"
"Slovenia","2000","99.9"
"Slovenia","1999","99.8"
"Slovenia","1998","99.8"
"Slovenia","1997","99.8"
"Slovenia","1996","99.8"
"Slovenia","1995","99.9"
"Slovenia","1994","99.8"
"Slovenia","1993","99.8"
"Slovenia","1992","99.7"
"Slovenia","1991","99.7"
"Slovenia","1990","99.7"
"Solomon Islands","2010-2015","84.5"
"Solomon Islands","2001-2007","84.5"
"Somalia","2004-2006","9.4"
"Somalia","2001-2002","8.8"
"South Africa","2011-2016","95.9"
"South Africa","2006-2008","94.9"
"South Africa","1998-2003","88.7"
"South Africa","1993-1998","83.4"
"South Sudan","2008-2010","11.5"
"Sri Lanka","2011-2016","99.5"
"Sri Lanka","2001-2007","98.2"
"Sri Lanka","1995-2000","97.1"
"Sri Lanka","1998-1993","93.8"
"Sudan","2012-2014","27.7"
"Sudan","2008-2010","20.5"
"Suriname","2016-2018","92.9"
"Suriname","2015","80.0"
"Suriname","2008-2010","92.3"
"Suriname","2004-2006","88.3"
"Syrian Arab Republic","2004-2009","78.2"
"Syrian Arab Republic","2004-2006","70.4"
"Syrian Arab Republic","1996-2001","54.6"
"Syrian Arab Republic","1988-1993","35.0"
"Syrian Arab Republic","1992","36.9"
"Tajikistan","2012-2017","88.2"
"Tajikistan","2007-2012","76.5"
"Tajikistan","2005-2007","73.3"
"Tajikistan","2003-2005","61.7"
"Thailand","2013-2016","98.6"
"Thailand","2010-2012","99.6"
"Thailand","2008-2009","99.4"
"Thailand","2003-2006","96.7"
"Timor-Leste","2011-2016","48.5"
"Timor-Leste","2010","21.4"
"Timor-Leste","2004-2010","22.1"
"Timor-Leste","1998-2003","9.8"
"Togo","2015-2017","80.0"
"Togo","2008-2014","72.5"
"Togo","2008-2010","66.5"
"Togo","2004-2006","62.9"
"Togo","2000-2003","60.6"
"Togo","1995-1998","49.1"
"Tonga","2007-2012","98.0"
"Tonga","2010","98.0"
"Trinidad and Tobago","2017","100.0"
"Trinidad and Tobago","2016","100.0"
"Trinidad and Tobago","2015","99.9"
"Trinidad and Tobago","2008","99.9"
"Trinidad and Tobago","2004-2006","97.4"
"Trinidad and Tobago","2004","99.0"
"Trinidad and Tobago","2003","99.2"
"Trinidad and Tobago","2002","98.7"
"Trinidad and Tobago","2001","99.2"
"Trinidad and Tobago","2000","99.1"
"Trinidad and Tobago","1999","98.4"
"Trinidad and Tobago","1998","98.2"
"Trinidad and Tobago","1997","98.4"
"Trinidad and Tobago","1996","98.0"
"Trinidad and Tobago","1995","97.5"
"Trinidad and Tobago","1994","98.0"
"Trinidad and Tobago","1993","98.3"
"Tunisia","2016-2018","99.7"
"Tunisia","2009-2012","98.5"
"Tunisia","1999-2000","89.9"
"Tunisia","1989-1995","99.2"
"Türkiye","2018","98.0"
"Türkiye","2008-2013","97.2"
"Türkiye","2003-2008","89.7"
"Türkiye","1998-2003","78.2"
"Türkiye","1993-1998","72.5"
"Türkiye","1988-1993","59.6"
"Turkmenistan","2013-2016","99.5"
"Turkmenistan","2004-2006","97.8"
"Turkmenistan","1995-2000","95.1"
"Tuvalu","2002-2007","93.0"
"Uganda","2011-2016","73.4"
"Uganda","2006-2011","57.4"
"Uganda","2001-2006","41.1"
"Uganda","1995-2001","36.6"
"Uganda","1991-1995","35.4"
"Ukraine","2010-2012","98.9"
"Ukraine","2002-2007","99.0"
"Ukraine","2003-2005","99.7"
"Ukraine","1994-1999","99.1"
"United Arab Emirates","2018","99.4"
"United Arab Emirates","1992-1995","99.2"
"United Republic of Tanzania","2010-2016","62.6"
"United Republic of Tanzania","2005-2010","50.2"
"United Republic of Tanzania","1999-2005","47.1"
"United Republic of Tanzania","1994-1999","43.5"
"United Republic of Tanzania","1991-1996","46.5"
"United Republic of Tanzania","1986-1992","52.6"
"United States of America","2018","98.8"
"United States of America","2017","98.9"
"United States of America","2016","98.9"
"United States of America","2015","98.9"
"United States of America","2014","98.5"
"United States of America","2013","98.6"
"United States of America","2012","98.6"
"United States of America","2011","98.7"
"United States of America","2010","98.8"
"United States of America","2009","98.9"
"United States of America","2008","99.0"
"United States of America","2007","99.1"
"United States of America","2006","99.0"
"United States of America","2005","99.1"
"United States of America","2004","99.1"
"United States of America","2003","99.1"
"United States of America","2002","99.1"
"United States of America","2001","99.1"
"United States of America","2000","99.1"
"United States of America","1999","99.1"
"United States of America","1998","99.0"
"United States of America","1997","99.0"
"United States of America","1996","99.1"
"United States of America","1995","99.0"
"United States of America","1994","98.9"
"United States of America","1993","99.0"
"United States of America","1992","98.9"
"United States of America","1991","98.9"
"United States of America","1990","98.9"
"Uruguay","2018","99.5"
"Uruguay","2017","99.7 99.6"
"Uruguay","2016","99.6"
"Uruguay","2015","99.6"
"Uruguay","2014","99.4"
"Uruguay","2013","99.5"
"Uruguay","2011-2013","99.5"
"Uruguay","2012","99.4"
"Uruguay","2011","99.4"
"Uruguay","2010","99.4"
"Uruguay","2009","99.5"
"Uruguay","2008","99.4"
"Uruguay","2007","99.5"
"Uruguay","2006","99.3"
"Uruguay","2005","99.3"
"Uruguay","2004","99.2"
"Uruguay","2003","99.3"
"Uruguay","2002","99.4"
"Uruguay","2001","99.5"
"Uruguay","2000","99.5"
"Uruguay","1999","98.7"
"Uruguay","1997","99.0"
"Uruguay","1996","98.8"
"Uzbekistan","2015","99.5"
"Uzbekistan","2014","99.4"
"Uzbekistan","2013","99.3"
"Uzbekistan","2012","99.3"
"Uzbekistan","2011","99.3"
"Uzbekistan","2010","99.2"
"Uzbekistan","2004-2006","97.3"
"Uzbekistan","1993-1996","94.1"
"Vanuatu","2008-2013","88.5"
"Vanuatu","2005-2007","79.8"
"Venezuela (Bolivarian Republic of)","2017","95.4"
"Venezuela (Bolivarian Republic of)","2016","96.2"
"Venezuela (Bolivarian Republic of)","2012","94.7"
"Venezuela (Bolivarian Republic of)","2011","95.4"
"Venezuela (Bolivarian Republic of)","2010","95.9"
"Venezuela (Bolivarian Republic of)","2009","95.4"
"Venezuela (Bolivarian Republic of)","2008","93.7"
"Venezuela (Bolivarian Republic of)","2007","93.1"
"Venezuela (Bolivarian Republic of)","2006","92.0"
"Venezuela (Bolivarian Republic of)","2005","92.5"
"Venezuela (Bolivarian Republic of)","2004","88.9"
"Venezuela (Bolivarian Republic of)","2003","94.5"
"Venezuela (Bolivarian Republic of)","2002","94.4"
"Venezuela (Bolivarian Republic of)","2001","94.5"
"Venezuela (Bolivarian Republic of)","2000","96.0"
"Venezuela (Bolivarian Republic of)","1993-1998","93.6"
"Viet Nam","2012-2014","93.6"
"Viet Nam","2009-2011","92.4"
"Viet Nam","2004-2006","63.8"
"Viet Nam","1999-2002","78.5"
"Viet Nam","1994-1997","61.7"
"Yemen","2008-2013","29.8"
"Yemen","2007-2012","24.4"
"Yemen","2004-2006","23.5"
"Yemen","1998-2003","19.6"
"Yemen","1992-1997","15.5"
"Yemen","1986-1992","11.6"
"Zambia","2014-2019","83.8"
"Zambia","2008-2014","67.4"
"Zambia","2002-2007","47.7"
"Zambia","1996-2002","43.6"
"Zambia","1991-1996","46.5"
"Zambia","1987-1992","50.6"
"Zimbabwe","2017-2019","85.5"
"Zimbabwe","2010-2015","77.0"
"Zimbabwe","2012-2014","79.6"
"Zimbabwe","2005-2011","65.1"
"Zimbabwe","2007-2009","58.5"
"Zimbabwe","2000-2006","67.9"
"Zimbabwe","1994-1999","72.2"
"Zimbabwe","1991-1994","68.9"
